upstream,vuln_id,osv,Valid,fix_urls
https://github.com/qemu/qemu,CVE-2019-13164,https://osv.dev/vulnerability/CVE-2019-13164,TRUE,https://archive.softwareheritage.org/browse/revision/03d7712b4bcd47bfe0fe14ba2fffa87e111fa086/
https://git.kernel.org/pub/scm/linux/kernel/git/torvalds/linux.git,CVE-2021-3501,https://osv.dev/vulnerability/CVE-2021-3501,TRUE,https://archive.softwareheritage.org/browse/revision/04c4f2ee3f68c9a4bf1653d15f1a9a435ae33f7a/
https://github.com/vim/vim,CVE-2022-0408,https://osv.dev/vulnerability/CVE-2022-0408,TRUE,https://archive.softwareheritage.org/browse/revision/06f15416bb8d5636200a10776f1752c4d6e49f31/
https://github.com/qemu/qemu,CVE-2017-2620,https://osv.dev/vulnerability/CVE-2017-2620,FALSE,https://archive.softwareheritage.org/browse/revision/0737f32daf35f3730ed2461ddfaaf034c2ec7ff0/
https://gitlab.com/qemu-project/qemu,CVE-2023-0664,https://osv.dev/vulnerability/CVE-2023-0664,TRUE,https://archive.softwareheritage.org/browse/revision/07ce178a2b0768eb9e712bb5ad0cf6dc7fcf0158/ https://archive.softwareheritage.org/browse/revision/5bfbcc3faa43e59e09e9f96ac7eebd98e05ea8e3/ https://archive.softwareheritage.org/browse/revision/88288c2a51faa7c795f053fc8b31b1c16ff804c5/ https://archive.softwareheritage.org/browse/revision/b629412e9d2129897126244cdfcc0b0c06df8542/
https://github.com/vim/vim,CVE-2022-2257,https://osv.dev/vulnerability/CVE-2022-2257,TRUE,https://archive.softwareheritage.org/browse/revision/083692d598139228e101b8c521aaef7bcf256e9a/
https://github.com/vim/vim,CVE-2022-2207,https://osv.dev/vulnerability/CVE-2022-2207,TRUE,https://archive.softwareheritage.org/browse/revision/0971c7a4e537ea120a6bb2195960be8d0815e97b/
https://git.kernel.org/pub/scm/linux/kernel/git/torvalds/linux.git,CVE-2022-0516,https://osv.dev/vulnerability/CVE-2022-0516,TRUE,https://archive.softwareheritage.org/browse/revision/09a93c1df3eafa43bcdfd7bf837c574911f12f55/
https://github.com/golang/go,CVE-2022-23773,https://osv.dev/vulnerability/CVE-2022-23773,FALSE,https://archive.softwareheritage.org/browse/revision/0a6cf8706fdd0fe1bd26e4d1ecbcd41650bf5e6c/
https://github.com/golang/go,CVE-2022-23806,https://osv.dev/vulnerability/CVE-2022-23806,FALSE,https://archive.softwareheritage.org/browse/revision/0a6cf8706fdd0fe1bd26e4d1ecbcd41650bf5e6c/
https://github.com/golang/go,CVE-2022-23772,https://osv.dev/vulnerability/CVE-2022-23772,FALSE,https://archive.softwareheritage.org/browse/revision/0a6cf8706fdd0fe1bd26e4d1ecbcd41650bf5e6c/
https://github.com/golang/go,CVE-2022-27536,https://osv.dev/vulnerability/CVE-2022-27536,FALSE,https://archive.softwareheritage.org/browse/revision/0b0d2fe66d2348fa694a925595807859bf08a391/
https://github.com/vim/vim,CVE-2021-3927,https://osv.dev/vulnerability/CVE-2021-3927,TRUE,https://archive.softwareheritage.org/browse/revision/0b5b06cb4777d1401fdf83e7d48d287662236e7e/
https://gitlab.freedesktop.org/xorg/xserver,CVE-2023-0494,https://osv.dev/vulnerability/CVE-2023-0494,TRUE,https://archive.softwareheritage.org/browse/revision/0ba6d8c37071131a49790243cdac55392ecf71ec/ https://archive.softwareheritage.org/browse/revision/8660dd164882ce5fc1f274427e2ff3dc020d6273/ https://archive.softwareheritage.org/browse/revision/9ca7d3f61a88ae6cf47fdf139b6215d745db976b/
https://github.com/golang/go,CVE-2022-41720,https://osv.dev/vulnerability/CVE-2022-41720,FALSE,https://archive.softwareheritage.org/browse/revision/0d8a92bdfd3d6d1b24f47e05f9be46645aec94f0/
https://github.com/magento/magento2,CVE-2023-22247,https://osv.dev/vulnerability/CVE-2023-22247,FALSE,https://archive.softwareheritage.org/browse/revision/0f9a056c8d83c4f319626b3e56ec52a533999f25/
https://github.com/vim/vim,CVE-2022-3297,https://osv.dev/vulnerability/CVE-2022-3297,TRUE,https://archive.softwareheritage.org/browse/revision/0ff01835a40f549c5c4a550502f62a2ac9ac447c/
https://github.com/golang/go,CVE-2021-27918,https://osv.dev/vulnerability/CVE-2021-27918,FALSE,https://archive.softwareheritage.org/browse/revision/13722418773b6a081816e8cc48131306565db1bd/
https://github.com/yiisoft/yii2,CVE-2021-3689,https://osv.dev/vulnerability/CVE-2021-3689,TRUE,https://archive.softwareheritage.org/browse/revision/13f27e4d920a05d53236139e8b07007acd046a46/
https://github.com/golang/go,CVE-2022-41716,https://osv.dev/vulnerability/CVE-2022-41716,FALSE,https://archive.softwareheritage.org/browse/revision/156bf3dd36a9264f721dc98749c8899c559cca43/
https://github.com/vim/vim,CVE-2022-2126,https://osv.dev/vulnerability/CVE-2022-2126,TRUE,https://archive.softwareheritage.org/browse/revision/156d3911952d73b03d7420dc3540215247db0fe8/
https://github.com/vim/vim,CVE-2021-3928,https://osv.dev/vulnerability/CVE-2021-3928,TRUE,https://archive.softwareheritage.org/browse/revision/15d9890eee53afc61eb0a03b878a19cb5672f732/
https://github.com/golang/go,CVE-2022-32189,https://osv.dev/vulnerability/CVE-2022-32189,FALSE,https://archive.softwareheritage.org/browse/revision/15da892a4950a4caac987ee72c632436329f62d5/
https://github.com/golang/go,CVE-2021-39293,https://osv.dev/vulnerability/CVE-2021-39293,FALSE,https://archive.softwareheritage.org/browse/revision/170a72e58bd128b421f4b3974fe2a37fd035efdf/
https://github.com/golang/go,CVE-2022-27664,https://osv.dev/vulnerability/CVE-2022-27664,FALSE,https://archive.softwareheritage.org/browse/revision/170d78d9baa82d1b64682c5d1f15e5f386f18f3e/
https://github.com/git/git,CVE-2023-25652,https://osv.dev/vulnerability/CVE-2023-25652,TRUE,https://archive.softwareheritage.org/browse/revision/18e2b1cfc80990719275d7b08e6e50f3e8cbc902/ https://archive.softwareheritage.org/browse/revision/668f2d53613ac8fd373926ebe219f2c29112d93e/
https://gitlab.freedesktop.org/xorg/xserver,CVE-2023-6377,https://osv.dev/vulnerability/CVE-2023-6377,TRUE,https://archive.softwareheritage.org/browse/revision/0c1a93d319558fe3ab2d94f51d174b4f93810afd/ https://archive.softwareheritage.org/browse/revision/19e9f199950aaa4b9b7696936d1b067475da999c/ https://archive.softwareheritage.org/browse/revision/a7bda3080d2b44eae668cdcec7a93095385b9652/
https://github.com/torvalds/linux,CVE-2017-14491,https://osv.dev/vulnerability/CVE-2017-14491,FALSE,https://archive.softwareheritage.org/browse/revision/1c163f4c7b3f621efff9b28a47abb36f7378d783/
https://github.com/golang/go,CVE-2023-45283,https://osv.dev/vulnerability/CVE-2023-45283,FALSE,https://archive.softwareheritage.org/browse/revision/1d0d4b149ce71083ec474d0491851ab2d2dc695e/
https://github.com/golang/go,CVE-2022-30632,https://osv.dev/vulnerability/CVE-2022-30632,FALSE,https://archive.softwareheritage.org/browse/revision/1ed3c127daceaffb9aadc806ba60f0b51b47421b/
https://github.com/golang/go,CVE-2022-30631,https://osv.dev/vulnerability/CVE-2022-30631,FALSE,https://archive.softwareheritage.org/browse/revision/1ed3c127daceaffb9aadc806ba60f0b51b47421b/
https://github.com/golang/go,CVE-2022-28131,https://osv.dev/vulnerability/CVE-2022-28131,FALSE,https://archive.softwareheritage.org/browse/revision/1ed3c127daceaffb9aadc806ba60f0b51b47421b/
https://github.com/golang/go,CVE-2022-30633,https://osv.dev/vulnerability/CVE-2022-30633,FALSE,https://archive.softwareheritage.org/browse/revision/1ed3c127daceaffb9aadc806ba60f0b51b47421b/
https://github.com/golang/go,CVE-2022-30630,https://osv.dev/vulnerability/CVE-2022-30630,FALSE,https://archive.softwareheritage.org/browse/revision/1ed3c127daceaffb9aadc806ba60f0b51b47421b/
https://github.com/golang/go,CVE-2022-30635,https://osv.dev/vulnerability/CVE-2022-30635,FALSE,https://archive.softwareheritage.org/browse/revision/1ed3c127daceaffb9aadc806ba60f0b51b47421b/
https://github.com/pyenv/pyenv,CVE-2022-35861,https://osv.dev/vulnerability/CVE-2022-35861,TRUE,https://archive.softwareheritage.org/browse/revision/22fa683571d98b59ea16e5fe48ac411c67939653/
https://github.com/vim/vim,CVE-2023-0288,https://osv.dev/vulnerability/CVE-2023-0288,TRUE,https://archive.softwareheritage.org/browse/revision/232bdaaca98c34a99ffadf27bf6ee08be6cc8f6a/
https://github.com/golang/go,CVE-2023-39533,https://osv.dev/vulnerability/CVE-2023-39533,TRUE,https://archive.softwareheritage.org/browse/revision/2350afd2e8ab054390e284c95d5b089c142db017/
https://github.com/golang/go,CVE-2021-41771,https://osv.dev/vulnerability/CVE-2021-41771,FALSE,https://archive.softwareheritage.org/browse/revision/23991f50b34f8707bcfc7761321bb3b0e9dba10e/
https://github.com/golang/go,CVE-2021-41772,https://osv.dev/vulnerability/CVE-2021-41772,FALSE,https://archive.softwareheritage.org/browse/revision/23991f50b34f8707bcfc7761321bb3b0e9dba10e/
https://github.com/vim/vim,CVE-2022-2817,https://osv.dev/vulnerability/CVE-2022-2817,TRUE,https://archive.softwareheritage.org/browse/revision/249e1b903a9c0460d618f6dcc59aeb8c03b24b20/
https://github.com/percona/percona-xtradb-cluster,CVE-2020-15180,https://osv.dev/vulnerability/CVE-2020-15180,FALSE,https://archive.softwareheritage.org/browse/revision/253eda9050244fe9ee3ffbbfa00c4b3d8ae17d2a/
https://github.com/golang/go,CVE-2018-16873,https://osv.dev/vulnerability/CVE-2018-16873,FALSE,https://archive.softwareheritage.org/browse/revision/25ca8f49c3fc4a68daff7a23ab613e3453be5cda/
https://github.com/golang/go,CVE-2018-16875,https://osv.dev/vulnerability/CVE-2018-16875,FALSE,https://archive.softwareheritage.org/browse/revision/25ca8f49c3fc4a68daff7a23ab613e3453be5cda/
https://github.com/golang/go,CVE-2018-16874,https://osv.dev/vulnerability/CVE-2018-16874,FALSE,https://archive.softwareheritage.org/browse/revision/25ca8f49c3fc4a68daff7a23ab613e3453be5cda/
https://github.com/rails/rails,CVE-2021-22885,https://osv.dev/vulnerability/CVE-2021-22885,FALSE,https://archive.softwareheritage.org/browse/revision/26126839058bad41120b5d74f3cc06b93baa987e/
https://github.com/rails/rails,CVE-2021-22904,https://osv.dev/vulnerability/CVE-2021-22904,FALSE,https://archive.softwareheritage.org/browse/revision/26126839058bad41120b5d74f3cc06b93baa987e/
https://github.com/golang/go,CVE-2022-30634,https://osv.dev/vulnerability/CVE-2022-30634,FALSE,https://archive.softwareheritage.org/browse/revision/26cdea3acca29db94541236f0037a20aa22ce2d7/
https://github.com/golang/go,CVE-2022-30580,https://osv.dev/vulnerability/CVE-2022-30580,FALSE,https://archive.softwareheritage.org/browse/revision/26cdea3acca29db94541236f0037a20aa22ce2d7/
https://github.com/golang/go,CVE-2022-29804,https://osv.dev/vulnerability/CVE-2022-29804,FALSE,https://archive.softwareheritage.org/browse/revision/26cdea3acca29db94541236f0037a20aa22ce2d7/
https://github.com/vim/vim,CVE-2022-2285,https://osv.dev/vulnerability/CVE-2022-2285,TRUE,https://archive.softwareheritage.org/browse/revision/27efc62f5d86afcb2ecb7565587fe8dea4b036fe/
https://github.com/vim/vim,CVE-2022-1796,https://osv.dev/vulnerability/CVE-2022-1796,TRUE,https://archive.softwareheritage.org/browse/revision/28d032cc688ccfda18c5bbcab8b50aba6e18cde5/
https://github.com/vim/vim,CVE-2022-1886,https://osv.dev/vulnerability/CVE-2022-1886,TRUE,https://archive.softwareheritage.org/browse/revision/2a585c85013be22f59f184d49612074fd9b115d7/
https://github.com/microsoft/vscode,CVE-2021-34528,https://osv.dev/vulnerability/CVE-2021-34528,FALSE,https://archive.softwareheritage.org/browse/revision/2aeda6b18e13c4f4f9edf6667158a6b8d408874b/
https://github.com/microsoft/vscode,CVE-2021-34479,https://osv.dev/vulnerability/CVE-2021-34479,FALSE,https://archive.softwareheritage.org/browse/revision/2aeda6b18e13c4f4f9edf6667158a6b8d408874b/
https://github.com/golang/go,CVE-2023-39321,https://osv.dev/vulnerability/CVE-2023-39321,FALSE,https://archive.softwareheritage.org/browse/revision/2c1e5b05fe39fc5e6c730dd60e82946b8e67c6ba/
https://github.com/vim/vim,CVE-2021-3984,https://osv.dev/vulnerability/CVE-2021-3984,TRUE,https://archive.softwareheritage.org/browse/revision/2de9b7c7c8791da8853a9a7ca9c467867465b655/
https://github.com/bitcoin/bitcoin,CVE-2021-37492,https://osv.dev/vulnerability/CVE-2021-37492,TRUE,https://archive.softwareheritage.org/browse/revision/2fb9c1e6681370478e24a19172ed6d78d95d50d3/
https://github.com/bitcoin/bitcoin,CVE-2023-33297,https://osv.dev/vulnerability/CVE-2023-33297,FALSE,https://archive.softwareheritage.org/browse/revision/3116ccd790e76de8f64d2ef9aa5a2641c15bbd8b/
https://github.com/apache/incubator-nuttx,CVE-2021-26461,https://osv.dev/vulnerability/CVE-2021-26461,TRUE,https://archive.softwareheritage.org/browse/revision/3130ff691e386934eb276587a24d1efacf3bb30b/
https://github.com/vim/vim,CVE-2022-2345,https://osv.dev/vulnerability/CVE-2022-2345,TRUE,https://archive.softwareheritage.org/browse/revision/32acf1f1a72ebb9d8942b9c9d80023bf1bb668ea/
https://github.com/vim/vim,CVE-2022-1897,https://osv.dev/vulnerability/CVE-2022-1897,TRUE,https://archive.softwareheritage.org/browse/revision/338f1fc0ee3ca929387448fe464579d6113fa76a/
https://github.com/teeworlds/teeworlds,CVE-2018-18541,https://osv.dev/vulnerability/CVE-2018-18541,TRUE,https://archive.softwareheritage.org/browse/revision/344a58cd858669f2b742827024dff7fd25fccccf/
https://github.com/golang/go,CVE-2022-24675,https://osv.dev/vulnerability/CVE-2022-24675,FALSE,https://archive.softwareheritage.org/browse/revision/346b18ee9d15410ab08dd583787c64dbed0666d2/
https://github.com/vim/vim,CVE-2022-0629,https://osv.dev/vulnerability/CVE-2022-0629,TRUE,https://archive.softwareheritage.org/browse/revision/34f8117dec685ace52cd9e578e2729db278163fc/
https://github.com/qemu/qemu,CVE-2016-9602,https://osv.dev/vulnerability/CVE-2016-9602,FALSE,https://archive.softwareheritage.org/browse/revision/359c41abe32638adad503e386969fa428cecff52/
https://gitlab.com/qemu-project/qemu,CVE-2017-2630,https://osv.dev/vulnerability/CVE-2017-2630,FALSE,https://archive.softwareheritage.org/browse/revision/359c41abe32638adad503e386969fa428cecff52/
https://github.com/qemu/qemu,CVE-2016-9603,https://osv.dev/vulnerability/CVE-2016-9603,FALSE,https://archive.softwareheritage.org/browse/revision/359c41abe32638adad503e386969fa428cecff52/
https://github.com/vim/vim,CVE-2021-3796,https://osv.dev/vulnerability/CVE-2021-3796,TRUE,https://archive.softwareheritage.org/browse/revision/35a9a00afcb20897d462a766793ff45534810dc3/
https://github.com/vim/vim,CVE-2022-3099,https://osv.dev/vulnerability/CVE-2022-3099,TRUE,https://archive.softwareheritage.org/browse/revision/35d21c6830fc2d68aca838424a0e786821c5891c/
https://github.com/vim/vim,CVE-2022-3520,https://osv.dev/vulnerability/CVE-2022-3520,TRUE,https://archive.softwareheritage.org/browse/revision/36343ae0fb7247e060abfd35fb8e4337b33abb4b/
https://github.com/vim/vim,CVE-2022-0413,https://osv.dev/vulnerability/CVE-2022-0413,TRUE,https://archive.softwareheritage.org/browse/revision/37f47958b8a2a44abc60614271d9537e7f14e51a/
https://github.com/nextcloud/desktop,CVE-2021-22879,https://osv.dev/vulnerability/CVE-2021-22879,FALSE,https://archive.softwareheritage.org/browse/revision/3842d306f950f631482d29466b52667eb2073f1f/
https://github.com/vim/vim,CVE-2022-1720,https://osv.dev/vulnerability/CVE-2022-1720,TRUE,https://archive.softwareheritage.org/browse/revision/395bd1f6d3edc9f7edb5d1f2d7deaf5a9e3ab93c/
https://github.com/vim/vim,CVE-2023-0054,https://osv.dev/vulnerability/CVE-2023-0054,TRUE,https://archive.softwareheritage.org/browse/revision/3ac1d97a1d9353490493d30088256360435f7731/
https://git.kernel.org/pub/scm/linux/kernel/git/torvalds/linux.git,CVE-2021-4154,https://osv.dev/vulnerability/CVE-2021-4154,TRUE,https://archive.softwareheritage.org/browse/revision/3b0462726e7ef281c35a7a4ae33e93ee2bc9975b/
https://github.com/microsoft/vscode,CVE-2021-28471,https://osv.dev/vulnerability/CVE-2021-28471,FALSE,https://archive.softwareheritage.org/browse/revision/3c4e3df9e89829dce27b7b5c24508306b151f30d/
https://github.com/microsoft/vscode,CVE-2021-28473,https://osv.dev/vulnerability/CVE-2021-28473,FALSE,https://archive.softwareheritage.org/browse/revision/3c4e3df9e89829dce27b7b5c24508306b151f30d/
https://github.com/microsoft/vscode,CVE-2021-28475,https://osv.dev/vulnerability/CVE-2021-28475,FALSE,https://archive.softwareheritage.org/browse/revision/3c4e3df9e89829dce27b7b5c24508306b151f30d/
https://github.com/microsoft/vscode,CVE-2021-28457,https://osv.dev/vulnerability/CVE-2021-28457,FALSE,https://archive.softwareheritage.org/browse/revision/3c4e3df9e89829dce27b7b5c24508306b151f30d/
https://github.com/microsoft/vscode,CVE-2021-28469,https://osv.dev/vulnerability/CVE-2021-28469,FALSE,https://archive.softwareheritage.org/browse/revision/3c4e3df9e89829dce27b7b5c24508306b151f30d/
https://github.com/vim/vim,CVE-2022-2284,https://osv.dev/vulnerability/CVE-2022-2284,TRUE,https://archive.softwareheritage.org/browse/revision/3d51ce18ab1be4f9f6061568a4e7fabf00b21794/
https://github.com/vim/vim,CVE-2022-1968,https://osv.dev/vulnerability/CVE-2022-1968,TRUE,https://archive.softwareheritage.org/browse/revision/409510c588b1eec1ae33511ae97a21eb8e110895/
https://github.com/golang/go,CVE-2019-6486,https://osv.dev/vulnerability/CVE-2019-6486,TRUE,https://archive.softwareheritage.org/browse/revision/42b42f71cf8f5956c09e66230293dfb5db652360/
https://github.com/vim/vim,CVE-2022-2000,https://osv.dev/vulnerability/CVE-2022-2000,TRUE,https://archive.softwareheritage.org/browse/revision/44a3f3353e0407e9fffee138125a6927d1c9e7e5/
https://github.com/vim/vim,CVE-2022-0407,https://osv.dev/vulnerability/CVE-2022-0407,TRUE,https://archive.softwareheritage.org/browse/revision/44db8213d38c39877d2148eff6a72f4beccfb94e/
https://github.com/vim/vim,CVE-2022-1769,https://osv.dev/vulnerability/CVE-2022-1769,TRUE,https://archive.softwareheritage.org/browse/revision/4748c4bd64610cf943a431d215bb1aad51f8d0b4/
https://github.com/golang/go,CVE-2023-29400,https://osv.dev/vulnerability/CVE-2023-29400,FALSE,https://archive.softwareheritage.org/browse/revision/484330d038d060c6e4db3dc8e6ea2b811b2a44d8/
https://github.com/golang/go,CVE-2023-24539,https://osv.dev/vulnerability/CVE-2023-24539,FALSE,https://archive.softwareheritage.org/browse/revision/484330d038d060c6e4db3dc8e6ea2b811b2a44d8/
https://github.com/golang/go,CVE-2023-24540,https://osv.dev/vulnerability/CVE-2023-24540,FALSE,https://archive.softwareheritage.org/browse/revision/484330d038d060c6e4db3dc8e6ea2b811b2a44d8/
https://github.com/microsoft/vscode,CVE-2020-1416,https://osv.dev/vulnerability/CVE-2020-1416,FALSE,https://archive.softwareheritage.org/browse/revision/485c41f9460bdb830c4da12c102daff275415b53/
https://github.com/git-for-windows/git,CVE-2023-23618,https://osv.dev/vulnerability/CVE-2023-23618,TRUE,https://archive.softwareheritage.org/browse/revision/49a8ec9dac3cec6602f05fed1b3f80a549c8c05c/
https://github.com/redis/redis,CVE-2022-33105,https://osv.dev/vulnerability/CVE-2022-33105,TRUE,https://archive.softwareheritage.org/browse/revision/4a7a4e42db8ff757cdf3f4a824f66426036034ef/
https://github.com/vim/vim,CVE-2021-4192,https://osv.dev/vulnerability/CVE-2021-4192,TRUE,https://archive.softwareheritage.org/browse/revision/4c13e5e6763c6eb36a343a2b8235ea227202e952/
https://github.com/vim/vim,CVE-2023-4734,https://osv.dev/vulnerability/CVE-2023-4734,TRUE,https://archive.softwareheritage.org/browse/revision/4c6fe2e2ea62469642ed1d80b16d39e616b25cf5/
https://github.com/vim/vim,CVE-2022-1927,https://osv.dev/vulnerability/CVE-2022-1927,TRUE,https://archive.softwareheritage.org/browse/revision/4d97a565ae8be0d4debba04ebd2ac3e75a0c8010/
https://github.com/rails/rails,CVE-2020-8162,https://osv.dev/vulnerability/CVE-2020-8162,FALSE,https://archive.softwareheritage.org/browse/revision/4dcc5435e9569e084f6f90fcea6e7c37d7bd2b4d/
https://github.com/vim/vim,CVE-2022-3037,https://osv.dev/vulnerability/CVE-2022-3037,TRUE,https://archive.softwareheritage.org/browse/revision/4f1b083be43f351bc107541e7b0c9655a5d2c0bb/
https://github.com/microsoft/vscode,CVE-2021-34529,https://osv.dev/vulnerability/CVE-2021-34529,TRUE,https://archive.softwareheritage.org/browse/revision/507ce72a4466fbb27b715c3722558bb15afa9f48/
https://github.com/git/git,CVE-2023-29007,https://osv.dev/vulnerability/CVE-2023-29007,TRUE,https://archive.softwareheritage.org/browse/revision/528290f8c61222433a8cf02fb7cfffa8438432b4/
https://github.com/vim/vim,CVE-2022-2304,https://osv.dev/vulnerability/CVE-2022-2304,TRUE,https://archive.softwareheritage.org/browse/revision/54e5fed6d27b747ff152cdb6edfb72ff60e70939/
https://github.com/github/cmark-gfm,CVE-2023-22483,https://osv.dev/vulnerability/CVE-2023-22483,FALSE,https://archive.softwareheritage.org/browse/revision/57d5e093ef801f54bf4174c900f7a863599bb47d/
https://github.com/github/cmark-gfm,CVE-2023-22486,https://osv.dev/vulnerability/CVE-2023-22486,FALSE,https://archive.softwareheritage.org/browse/revision/57d5e093ef801f54bf4174c900f7a863599bb47d/
https://github.com/github/cmark-gfm,CVE-2023-22484,https://osv.dev/vulnerability/CVE-2023-22484,FALSE,https://archive.softwareheritage.org/browse/revision/57d5e093ef801f54bf4174c900f7a863599bb47d/
https://github.com/vim/vim,CVE-2022-0318,https://osv.dev/vulnerability/CVE-2022-0318,TRUE,https://archive.softwareheritage.org/browse/revision/57df9e8a9f9ae1aafdde9b86b10ad907627a87dc/
https://gitlab.freedesktop.org/xorg/xserver,CVE-2023-6478,https://osv.dev/vulnerability/CVE-2023-6478,TRUE,https://archive.softwareheritage.org/browse/revision/14f480010a93ff962fef66a16412fafff81ad632/ https://archive.softwareheritage.org/browse/revision/58e83c683950ac9e253ab05dd7a13a8368b70a3c/ https://archive.softwareheritage.org/browse/revision/aaf854fb25541380cc38a221c15f0e8372f48872/
https://github.com/vim/vim,CVE-2022-0685,https://osv.dev/vulnerability/CVE-2022-0685,TRUE,https://archive.softwareheritage.org/browse/revision/5921aeb5741fc6e84c870d68c7c35b93ad0c9f87/
https://github.com/vim/vim,CVE-2022-0943,https://osv.dev/vulnerability/CVE-2022-0943,TRUE,https://archive.softwareheritage.org/browse/revision/5c68617d395f9d7b824f68475b24ce3e38d653a3/
https://github.com/vim/vim,CVE-2022-2287,https://osv.dev/vulnerability/CVE-2022-2287,TRUE,https://archive.softwareheritage.org/browse/revision/5e59ea54c0c37c2f84770f068d95280069828774/
https://github.com/vim/vim,CVE-2022-2175,https://osv.dev/vulnerability/CVE-2022-2175,TRUE,https://archive.softwareheritage.org/browse/revision/6046aded8da002b08d380db29de2ba0268b6616e/
https://github.com/vim/vim,CVE-2021-4136,https://osv.dev/vulnerability/CVE-2021-4136,TRUE,https://archive.softwareheritage.org/browse/revision/605ec91e5a7330d61be313637e495fa02a6dc264/
https://github.com/vim/vim,CVE-2022-1733,https://osv.dev/vulnerability/CVE-2022-1733,TRUE,https://archive.softwareheritage.org/browse/revision/60ae0e71490c97f2871a6344aca61cacf220f813/
https://github.com/vim/vim,CVE-2021-3973,https://osv.dev/vulnerability/CVE-2021-3973,TRUE,https://archive.softwareheritage.org/browse/revision/615ddd5342b50a6878a907062aa471740bd9a847/
https://github.com/qemu/qemu,CVE-2022-3872,https://osv.dev/vulnerability/CVE-2022-3872,FALSE,https://archive.softwareheritage.org/browse/revision/621da7789083b80d6f1ff1c0fb499334007b4f51/
https://git.kernel.org/pub/scm/linux/kernel/git/torvalds/linux.git,CVE-2021-45485,https://osv.dev/vulnerability/CVE-2021-45485,TRUE,https://archive.softwareheritage.org/browse/revision/62f20e068ccc50d6ab66fdb72ba90da2b9418c99/
https://github.com/vim/vim,CVE-2021-3974,https://osv.dev/vulnerability/CVE-2021-3974,TRUE,https://archive.softwareheritage.org/browse/revision/64066b9acd9f8cffdf4840f797748f938a13f2d6/
https://github.com/vim/vim,CVE-2022-0729,https://osv.dev/vulnerability/CVE-2022-0729,TRUE,https://archive.softwareheritage.org/browse/revision/6456fae9ba8e72c74b2c0c499eaf09974604ff30/
https://github.com/microsoft/vscode,CVE-2023-36742,https://osv.dev/vulnerability/CVE-2023-36742,FALSE,https://archive.softwareheritage.org/browse/revision/6509174151d557a81c9d0b5f8a5a1e9274db5585/
https://github.com/vim/vim,CVE-2022-0417,https://osv.dev/vulnerability/CVE-2022-0417,TRUE,https://archive.softwareheritage.org/browse/revision/652dee448618589de5528a9e9a36995803f5557a/
https://github.com/vim/vim,CVE-2021-3778,https://osv.dev/vulnerability/CVE-2021-3778,TRUE,https://archive.softwareheritage.org/browse/revision/65b605665997fad54ef39a93199e305af2fe4d7f/
https://github.com/ruby/ruby,CVE-2021-28966,https://osv.dev/vulnerability/CVE-2021-28966,TRUE,https://archive.softwareheritage.org/browse/revision/6847ee089d7655b2a0eea4fee3133aeacd4cc7cc/
https://github.com/golang/go,CVE-2023-39323,https://osv.dev/vulnerability/CVE-2023-39323,FALSE,https://archive.softwareheritage.org/browse/revision/68f9a6e2addc828246992e66e79c6a51a32d1d71/
https://github.com/golang/go,CVE-2019-16276,https://osv.dev/vulnerability/CVE-2019-16276,FALSE,https://archive.softwareheritage.org/browse/revision/6c15c7cce718e1e9a47f4f0ab1bd70923b04557b/
https://github.com/vim/vim,CVE-2022-3016,https://osv.dev/vulnerability/CVE-2022-3016,TRUE,https://archive.softwareheritage.org/browse/revision/6d24a51b94beb1991cddce221f90b455e2d50db7/
https://github.com/vim/vim,CVE-2022-0572,https://osv.dev/vulnerability/CVE-2022-0572,TRUE,https://archive.softwareheritage.org/browse/revision/6e28703a8e41f775f64e442c5d11ce1ff599aa3f/
https://github.com/vim/vim,CVE-2021-4166,https://osv.dev/vulnerability/CVE-2021-4166,TRUE,https://archive.softwareheritage.org/browse/revision/6f98371532fcff911b462d51bc64f2ce8a6ae682/
https://github.com/vim/vim,CVE-2022-1942,https://osv.dev/vulnerability/CVE-2022-1942,TRUE,https://archive.softwareheritage.org/browse/revision/71223e2db87c2bf3b09aecb46266b56cda26191d/
https://github.com/btcsuite/btcd,CVE-2018-17145,https://osv.dev/vulnerability/CVE-2018-17145,TRUE,https://archive.softwareheritage.org/browse/revision/718d268a8cf55af9b329bac9e171009352fbc10a/
https://github.com/ripple/rippled,CVE-2022-29077,https://osv.dev/vulnerability/CVE-2022-29077,FALSE,https://archive.softwareheritage.org/browse/revision/72377e7bf25c4eaee5174186d2db3c6b4210946f/
https://github.com/solidusio/solidus_auth_devise,CVE-2021-41274,https://osv.dev/vulnerability/CVE-2021-41274,TRUE,https://archive.softwareheritage.org/browse/revision/731a6645e90ea9fd228f78ec53c6976c048a0555/
https://github.com/vim/vim,CVE-2021-3903,https://osv.dev/vulnerability/CVE-2021-3903,TRUE,https://archive.softwareheritage.org/browse/revision/777e7c21b7627be80961848ac560cb0a9978ff43/
https://github.com/nextcloud/richdocuments,CVE-2021-37628,https://osv.dev/vulnerability/CVE-2021-37628,FALSE,https://archive.softwareheritage.org/browse/revision/79932dda715fc88baebc8693dc6c5e84f98066c8/
https://github.com/warner/python-ecdsa,CVE-2019-14853,https://osv.dev/vulnerability/CVE-2019-14853,FALSE,https://archive.softwareheritage.org/browse/revision/7add2213c992f51267eed8288b560f3f4108a28d/
https://github.com/warner/python-ecdsa,CVE-2019-14859,https://osv.dev/vulnerability/CVE-2019-14859,FALSE,https://archive.softwareheritage.org/browse/revision/7add2213c992f51267eed8288b560f3f4108a28d/
https://github.com/vim/vim,CVE-2023-0049,https://osv.dev/vulnerability/CVE-2023-0049,TRUE,https://archive.softwareheritage.org/browse/revision/7b17eb4b063a234376c1ec909ee293e42cff290c/
https://github.com/rails/rails,CVE-2020-8165,https://osv.dev/vulnerability/CVE-2020-8165,FALSE,https://archive.softwareheritage.org/browse/revision/7b5cc5a5dfcf38522be0a4b5daa97c5b2ba26c20/
https://github.com/rails/rails,CVE-2020-8164,https://osv.dev/vulnerability/CVE-2020-8164,FALSE,https://archive.softwareheritage.org/browse/revision/7b5cc5a5dfcf38522be0a4b5daa97c5b2ba26c20/
https://github.com/vim/vim,CVE-2022-1735,https://osv.dev/vulnerability/CVE-2022-1735,TRUE,https://archive.softwareheritage.org/browse/revision/7ce5b2b590256ce53d6af28c1d203fb3bc1d2d97/
https://github.com/golang/go,CVE-2022-24921,https://osv.dev/vulnerability/CVE-2022-24921,FALSE,https://archive.softwareheritage.org/browse/revision/7de0c90a1771146bcba5663fb257c52acffe6161/
https://github.com/qemu/qemu,CVE-2023-3354,https://osv.dev/vulnerability/CVE-2023-3354,FALSE,https://archive.softwareheritage.org/browse/revision/7e5a8bb22368b3555644cb2debd3df24592f3a21/
https://github.com/qemu/qemu,CVE-2023-2861,https://osv.dev/vulnerability/CVE-2023-2861,FALSE,https://archive.softwareheritage.org/browse/revision/7e5a8bb22368b3555644cb2debd3df24592f3a21/
https://github.com/microsoft/vscode,CVE-2023-24893,https://osv.dev/vulnerability/CVE-2023-24893,TRUE,https://archive.softwareheritage.org/browse/revision/7f329fe6c66b0f86ae1574c2911b681ad5a45d63/
https://github.com/golang/go,CVE-2023-29403,https://osv.dev/vulnerability/CVE-2023-29403,FALSE,https://archive.softwareheritage.org/browse/revision/7fe60b5df764f5a16a2c40e4412b5ed60f709192/
https://github.com/golang/go,CVE-2023-29402,https://osv.dev/vulnerability/CVE-2023-29402,FALSE,https://archive.softwareheritage.org/browse/revision/7fe60b5df764f5a16a2c40e4412b5ed60f709192/
https://github.com/golang/go,CVE-2023-29404,https://osv.dev/vulnerability/CVE-2023-29404,FALSE,https://archive.softwareheritage.org/browse/revision/7fe60b5df764f5a16a2c40e4412b5ed60f709192/
https://github.com/golang/go,CVE-2023-29405,https://osv.dev/vulnerability/CVE-2023-29405,FALSE,https://archive.softwareheritage.org/browse/revision/7fe60b5df764f5a16a2c40e4412b5ed60f709192/
https://github.com/rails/rails,CVE-2022-32224,https://osv.dev/vulnerability/CVE-2022-32224,FALSE,https://archive.softwareheritage.org/browse/revision/8030cff808657faa44828de001cd3b80364597de/
https://github.com/golang/go,CVE-2023-44487,https://osv.dev/vulnerability/CVE-2023-44487,FALSE,https://archive.softwareheritage.org/browse/revision/8042fd87f37a725e34407994c9a11aaf95f5af45/
https://github.com/golang/go,CVE-2023-39325,https://osv.dev/vulnerability/CVE-2023-39325,FALSE,https://archive.softwareheritage.org/browse/revision/8042fd87f37a725e34407994c9a11aaf95f5af45/
https://github.com/vim/vim,CVE-2022-0392,https://osv.dev/vulnerability/CVE-2022-0392,TRUE,https://archive.softwareheritage.org/browse/revision/806d037671e133bd28a7864248763f643967973a/
https://github.com/qemu/qemu,CVE-2021-3929,https://osv.dev/vulnerability/CVE-2021-3929,FALSE,https://archive.softwareheritage.org/browse/revision/823a3f11fb8f04c3c3cc0f95f968fef1bfc6534f/
https://github.com/qemu/qemu,CVE-2021-3750,https://osv.dev/vulnerability/CVE-2021-3750,FALSE,https://archive.softwareheritage.org/browse/revision/823a3f11fb8f04c3c3cc0f95f968fef1bfc6534f/
https://github.com/qemu/qemu,CVE-2021-4206,https://osv.dev/vulnerability/CVE-2021-4206,FALSE,https://archive.softwareheritage.org/browse/revision/823a3f11fb8f04c3c3cc0f95f968fef1bfc6534f/
https://github.com/qemu/qemu,CVE-2021-4207,https://osv.dev/vulnerability/CVE-2021-4207,FALSE,https://archive.softwareheritage.org/browse/revision/823a3f11fb8f04c3c3cc0f95f968fef1bfc6534f/
https://github.com/vim/vim,CVE-2021-3872,https://osv.dev/vulnerability/CVE-2021-3872,TRUE,https://archive.softwareheritage.org/browse/revision/826bfe4bbd7594188e3d74d2539d9707b1c6a14b/
https://github.com/vim/vim,CVE-2022-0359,https://osv.dev/vulnerability/CVE-2022-0359,TRUE,https://archive.softwareheritage.org/browse/revision/85b6747abc15a7a81086db31289cf1b8b17e6cb1/
https://github.com/golang/go,CVE-2022-41725,https://osv.dev/vulnerability/CVE-2022-41725,FALSE,https://archive.softwareheritage.org/browse/revision/8656c03fee94ce9cdc4da120b831c2fb9fd68d9d/
https://github.com/golang/go,CVE-2022-41722,https://osv.dev/vulnerability/CVE-2022-41722,FALSE,https://archive.softwareheritage.org/browse/revision/8656c03fee94ce9cdc4da120b831c2fb9fd68d9d/
https://github.com/golang/go,CVE-2022-41723,https://osv.dev/vulnerability/CVE-2022-41723,FALSE,https://archive.softwareheritage.org/browse/revision/8656c03fee94ce9cdc4da120b831c2fb9fd68d9d/
https://github.com/golang/go,CVE-2022-41724,https://osv.dev/vulnerability/CVE-2022-41724,FALSE,https://archive.softwareheritage.org/browse/revision/8656c03fee94ce9cdc4da120b831c2fb9fd68d9d/
https://github.com/vim/vim,CVE-2023-4735,https://osv.dev/vulnerability/CVE-2023-4735,TRUE,https://archive.softwareheritage.org/browse/revision/889f6af37164775192e33b233a90e86fd3df0f57/
https://github.com/microsoft/vscode,CVE-2021-43891,https://osv.dev/vulnerability/CVE-2021-43891,FALSE,https://archive.softwareheritage.org/browse/revision/899d46d82c4c95423fb7e10e68eba52050e30ba3/
https://github.com/jimmo/micropython,PYSEC-2023-257,https://osv.dev/vulnerability/PYSEC-2023-257,TRUE,https://archive.softwareheritage.org/browse/revision/8b24aa36ba978eafc6114b6798b47b7bfecdca26/
https://github.com/jimmo/micropython,PYSEC-2023-256,https://osv.dev/vulnerability/PYSEC-2023-256,TRUE,https://archive.softwareheritage.org/browse/revision/8b24aa36ba978eafc6114b6798b47b7bfecdca26/
https://github.com/jimmo/micropython,PYSEC-2023-259,https://osv.dev/vulnerability/PYSEC-2023-259,TRUE,https://archive.softwareheritage.org/browse/revision/8b24aa36ba978eafc6114b6798b47b7bfecdca26/
https://github.com/jimmo/micropython,PYSEC-2023-258,https://osv.dev/vulnerability/PYSEC-2023-258,TRUE,https://archive.softwareheritage.org/browse/revision/8b24aa36ba978eafc6114b6798b47b7bfecdca26/
https://github.com/owncloud/core,CVE-2020-10252,https://osv.dev/vulnerability/CVE-2020-10252,FALSE,https://archive.softwareheritage.org/browse/revision/8b878ef9b40ba850b6ac3bf20250f2923262c0d5/
https://github.com/vim/vim,CVE-2022-0368,https://osv.dev/vulnerability/CVE-2022-0368,TRUE,https://archive.softwareheritage.org/browse/revision/8d02ce1ed75d008c34a5c9aaa51b67cbb9d33baa/
https://github.com/vim/vim,CVE-2022-2183,https://osv.dev/vulnerability/CVE-2022-2183,TRUE,https://archive.softwareheritage.org/browse/revision/8eba2bd291b347e3008aa9e565652d51ad638cfa/
https://github.com/vim/vim,CVE-2022-3256,https://osv.dev/vulnerability/CVE-2022-3256,TRUE,https://archive.softwareheritage.org/browse/revision/8ecfa2c56b4992c7f067b92488aa9acea5a454ad/
https://github.com/vim/vim,CVE-2022-3591,https://osv.dev/vulnerability/CVE-2022-3591,TRUE,https://archive.softwareheritage.org/browse/revision/8f3c3c6cd044e3b5bf08dbfa3b3f04bb3f711bad/
https://github.com/rails/rails,CVE-2020-8163,https://osv.dev/vulnerability/CVE-2020-8163,FALSE,https://archive.softwareheritage.org/browse/revision/912ae0b34bf541f18d051c8a274a54aef91a5e04/
https://github.com/percona/percona-xtradb-cluster,CVE-2020-10996,https://osv.dev/vulnerability/CVE-2020-10996,FALSE,https://archive.softwareheritage.org/browse/revision/939b65f804c4d11372aa7b19df46a0afb29eea41/
https://github.com/owncloud/core,CVE-2020-28645,https://osv.dev/vulnerability/CVE-2020-28645,FALSE,https://archive.softwareheritage.org/browse/revision/94282d9471e5c786602af512e7207aed6b6e3f8f/
https://github.com/golang/go,CVE-2022-41715,https://osv.dev/vulnerability/CVE-2022-41715,FALSE,https://archive.softwareheritage.org/browse/revision/947091d31ccda14b0a362adff37b6e037f0f59f3/
https://github.com/golang/go,CVE-2022-2879,https://osv.dev/vulnerability/CVE-2022-2879,FALSE,https://archive.softwareheritage.org/browse/revision/947091d31ccda14b0a362adff37b6e037f0f59f3/
https://github.com/golang/go,CVE-2022-2880,https://osv.dev/vulnerability/CVE-2022-2880,FALSE,https://archive.softwareheritage.org/browse/revision/947091d31ccda14b0a362adff37b6e037f0f59f3/
https://github.com/vim/vim,CVE-2022-3296,https://osv.dev/vulnerability/CVE-2022-3296,TRUE,https://archive.softwareheritage.org/browse/revision/96b9bf8f74af8abf1e30054f996708db7dc285be/
https://github.com/git/git,CVE-2024-32002,https://osv.dev/vulnerability/CVE-2024-32002,TRUE,https://archive.softwareheritage.org/browse/revision/97065761333fd62db1912d81b489db938d8c991d/
https://github.com/golang/go,CVE-2023-45285,https://osv.dev/vulnerability/CVE-2023-45285,FALSE,https://archive.softwareheritage.org/browse/revision/97c8ff8d53759e7a82b1862403df1694f2b6e073/
https://github.com/yiisoft/yii2,CVE-2020-15148,https://osv.dev/vulnerability/CVE-2020-15148,TRUE,https://archive.softwareheritage.org/browse/revision/9abccb96d7c5ddb569f92d1a748f50ee9b3e2b99/
https://github.com/vim/vim,CVE-2022-0443,https://osv.dev/vulnerability/CVE-2022-0443,TRUE,https://archive.softwareheritage.org/browse/revision/9b4a80a66544f2782040b641498754bcb5b8d461/
https://github.com/vim/vim,CVE-2022-0261,https://osv.dev/vulnerability/CVE-2022-0261,TRUE,https://archive.softwareheritage.org/browse/revision/9f8c304c8a390ade133bac29963dc8e56ab14cbc/
https://github.com/vim/vim,CVE-2021-3968,https://osv.dev/vulnerability/CVE-2021-3968,TRUE,https://archive.softwareheritage.org/browse/revision/a062006b9de0b2947ab5fb376c6e67ef92a8cd69/
https://github.com/vim/vim,CVE-2022-0393,https://osv.dev/vulnerability/CVE-2022-0393,TRUE,https://archive.softwareheritage.org/browse/revision/a4bc2dd7cccf5a4a9f78b58b6f35a45d17164323/
https://github.com/vim/vim,CVE-2022-47024,https://osv.dev/vulnerability/CVE-2022-47024,TRUE,https://archive.softwareheritage.org/browse/revision/a63ad78ed31e36dbdf3a9cd28071dcdbefce7d19/
https://github.com/vim/vim,CVE-2022-2571,https://osv.dev/vulnerability/CVE-2022-2571,TRUE,https://archive.softwareheritage.org/browse/revision/a6f9e300161f4cb54713da22f65b261595e8e614/
https://github.com/rust-lang/rust,CVE-2019-16760,https://osv.dev/vulnerability/CVE-2019-16760,FALSE,https://archive.softwareheritage.org/browse/revision/a7756804103447ea4e68a71ccf071e7ad8f7a03e/
https://github.com/apache/lucene-solr,CVE-2021-27905,https://osv.dev/vulnerability/CVE-2021-27905,FALSE,https://archive.softwareheritage.org/browse/revision/a92a05e195b775b30ca410bc0a26e8e79e7b3bfb/
https://github.com/golang/go,CVE-2017-1000097,https://osv.dev/vulnerability/CVE-2017-1000097,FALSE,https://archive.softwareheritage.org/browse/revision/aa1e69f3fc21795b6fab531a07008e0744ffe5bf/
https://github.com/golang/go,CVE-2017-1000098,https://osv.dev/vulnerability/CVE-2017-1000098,FALSE,https://archive.softwareheritage.org/browse/revision/aa1e69f3fc21795b6fab531a07008e0744ffe5bf/
https://github.com/eggjs/extend2,CVE-2021-23568,https://osv.dev/vulnerability/CVE-2021-23568,TRUE,https://archive.softwareheritage.org/browse/revision/aa332a59116c8398976434b57ea477c6823054f8/
https://github.com/golang/go,CVE-2021-33196,https://osv.dev/vulnerability/CVE-2021-33196,FALSE,https://archive.softwareheritage.org/browse/revision/ab7f8297f9734b24a43a942930258cda411f16a3/
https://github.com/golang/go,CVE-2021-33198,https://osv.dev/vulnerability/CVE-2021-33198,FALSE,https://archive.softwareheritage.org/browse/revision/ab7f8297f9734b24a43a942930258cda411f16a3/
https://github.com/golang/go,CVE-2021-33195,https://osv.dev/vulnerability/CVE-2021-33195,FALSE,https://archive.softwareheritage.org/browse/revision/ab7f8297f9734b24a43a942930258cda411f16a3/
https://github.com/vim/vim,CVE-2023-2610,https://osv.dev/vulnerability/CVE-2023-2610,TRUE,https://archive.softwareheritage.org/browse/revision/ab9a2d884b3a4abe319606ea95a5a6d6b01cd73a/
https://gitlab.com/qemu-project/qemu,CVE-2022-26353,https://osv.dev/vulnerability/CVE-2022-26353,TRUE,https://archive.softwareheritage.org/browse/revision/abe300d9d894f7138e1af7c8e9c88c04bfe98b37/
https://github.com/vim/vim,CVE-2022-2946,https://osv.dev/vulnerability/CVE-2022-2946,TRUE,https://archive.softwareheritage.org/browse/revision/adce965162dd89bf29ee0e5baf53652e7515762c/
https://github.com/golang/go,CVE-2019-14809,https://osv.dev/vulnerability/CVE-2019-14809,FALSE,https://archive.softwareheritage.org/browse/revision/b2967c0e5c5271bb4469e1f615fb85879ebd8a57/
https://github.com/vim/vim,CVE-2022-1154,https://osv.dev/vulnerability/CVE-2022-1154,TRUE,https://archive.softwareheritage.org/browse/revision/b55986c52d4cd88a22d0b0b0e8a79547ba13e1d5/
https://github.com/vim/vim,CVE-2021-3770,https://osv.dev/vulnerability/CVE-2021-3770,TRUE,https://archive.softwareheritage.org/browse/revision/b7081e135a16091c93f6f5f7525a5c58fb7ca9f9/
https://github.com/vim/vim,CVE-2022-2522,https://osv.dev/vulnerability/CVE-2022-2522,TRUE,https://archive.softwareheritage.org/browse/revision/5fa9f23a63651a8abdb074b4fc2ec9b1adc6b089/ https://archive.softwareheritage.org/browse/revision/b9e717367c395490149495cf375911b5d9de889e/
https://github.com/vim/vim,CVE-2022-2344,https://osv.dev/vulnerability/CVE-2022-2344,TRUE,https://archive.softwareheritage.org/browse/revision/baefde14550231f6468ac2ed2ed495bc381c0c92/
https://github.com/golang/go,CVE-2020-28366,https://osv.dev/vulnerability/CVE-2020-28366,FALSE,https://archive.softwareheritage.org/browse/revision/bc9c580409b61af6b29f0cbd9d45bec63dbe2ccb/
https://github.com/golang/go,CVE-2020-28362,https://osv.dev/vulnerability/CVE-2020-28362,FALSE,https://archive.softwareheritage.org/browse/revision/bc9c580409b61af6b29f0cbd9d45bec63dbe2ccb/
https://github.com/golang/go,CVE-2020-28367,https://osv.dev/vulnerability/CVE-2020-28367,FALSE,https://archive.softwareheritage.org/browse/revision/bc9c580409b61af6b29f0cbd9d45bec63dbe2ccb/
https://github.com/ethereum/eth-account,CVE-2022-1930,https://osv.dev/vulnerability/CVE-2022-1930,FALSE,https://archive.softwareheritage.org/browse/revision/c0060ca25e8461b9622eab318d922c0a48e8d5a8/
https://github.com/vim/vim,CVE-2022-2210,https://osv.dev/vulnerability/CVE-2022-2210,TRUE,https://archive.softwareheritage.org/browse/revision/c101abff4c6756db4f5e740fde289decb9452efa/
https://github.com/qemu/qemu,CVE-2023-0664,https://osv.dev/vulnerability/CVE-2023-0664,FALSE,https://archive.softwareheritage.org/browse/revision/c1eb2ddf0f8075faddc5f7c3d39feae3e8e9d6b4/
https://github.com/vim/vim,CVE-2022-3234,https://osv.dev/vulnerability/CVE-2022-3234,TRUE,https://archive.softwareheritage.org/browse/revision/c249913edc35c0e666d783bfc21595cf9f7d9e0d/
https://github.com/vim/vim,CVE-2022-4292,https://osv.dev/vulnerability/CVE-2022-4292,TRUE,https://archive.softwareheritage.org/browse/revision/c3d27ada14acd02db357f2d16347acc22cb17e93/
https://github.com/vim/vim,CVE-2022-2289,https://osv.dev/vulnerability/CVE-2022-2289,TRUE,https://archive.softwareheritage.org/browse/revision/c5274dd12224421f2430b30c53b881b9403d649e/
https://github.com/golang/go,CVE-2021-38297,https://osv.dev/vulnerability/CVE-2021-38297,FALSE,https://archive.softwareheritage.org/browse/revision/c580180744e60d6c84fc0b59d634fcff01290780/
https://github.com/teeworlds/teeworlds,CVE-2020-12066,https://osv.dev/vulnerability/CVE-2020-12066,TRUE,https://archive.softwareheritage.org/browse/revision/c68402fa7e279d42886d5951d1ea8ac2facc1ea5/
https://github.com/vim/vim,CVE-2022-2288,https://osv.dev/vulnerability/CVE-2022-2288,TRUE,https://archive.softwareheritage.org/browse/revision/c6fdb15d423df22e1776844811d082322475e48a/
https://github.com/torvalds/linux,CVE-2021-3656,https://osv.dev/vulnerability/CVE-2021-3656,TRUE,https://archive.softwareheritage.org/browse/revision/c7dfa4009965a9b2d7b329ee970eb8da0d32f0bc/
https://github.com/arve0/node-geoip-country,CVE-2016-10568,https://osv.dev/vulnerability/CVE-2016-10568,FALSE,https://archive.softwareheritage.org/browse/revision/c9144e14b9987d03228a046b2faf402731b66501/
https://github.com/golang/go,CVE-2023-24537,https://osv.dev/vulnerability/CVE-2023-24537,FALSE,https://archive.softwareheritage.org/browse/revision/ca305e101d89969b5cc6a812b1f12038b769aaa2/
https://github.com/golang/go,CVE-2023-24538,https://osv.dev/vulnerability/CVE-2023-24538,FALSE,https://archive.softwareheritage.org/browse/revision/ca305e101d89969b5cc6a812b1f12038b769aaa2/
https://github.com/golang/go,CVE-2023-24534,https://osv.dev/vulnerability/CVE-2023-24534,FALSE,https://archive.softwareheritage.org/browse/revision/ca305e101d89969b5cc6a812b1f12038b769aaa2/
https://github.com/golang/go,CVE-2023-24536,https://osv.dev/vulnerability/CVE-2023-24536,FALSE,https://archive.softwareheritage.org/browse/revision/ca305e101d89969b5cc6a812b1f12038b769aaa2/
https://github.com/vim/vim,CVE-2022-2343,https://osv.dev/vulnerability/CVE-2022-2343,TRUE,https://archive.softwareheritage.org/browse/revision/caea66442d86e7bbba3bf3dc202c3c0d549b9853/
https://github.com/rust-lang/rust,CVE-2021-28875,https://osv.dev/vulnerability/CVE-2021-28875,FALSE,https://archive.softwareheritage.org/browse/revision/cb75ad5db02783e8b0222fee363c5f63f7e2cf5b/
https://github.com/brycx/orion,CVE-2018-20999,https://osv.dev/vulnerability/CVE-2018-20999,FALSE,https://archive.softwareheritage.org/browse/revision/cbc5ab6e3404270d1844730d2bc0c7aa53d1ff65/
https://github.com/vim/vim,CVE-2022-4141,https://osv.dev/vulnerability/CVE-2022-4141,TRUE,https://archive.softwareheritage.org/browse/revision/cc762a48d42b579fb7bdec2c614636b830342dd5/
https://github.com/golang/go,CVE-2021-3115,https://osv.dev/vulnerability/CVE-2021-3115,FALSE,https://archive.softwareheritage.org/browse/revision/ccb4f250bd7e382e50824c36ec5a3e1a57dcf11a/
https://github.com/nodejs/node,CVE-2016-9843,https://osv.dev/vulnerability/CVE-2016-9843,FALSE,https://archive.softwareheritage.org/browse/revision/cea049bcf8bb0f9a6e0095dbd5dffdb14dc8f71b/
https://github.com/nodejs/node,CVE-2016-9840,https://osv.dev/vulnerability/CVE-2016-9840,FALSE,https://archive.softwareheritage.org/browse/revision/cea049bcf8bb0f9a6e0095dbd5dffdb14dc8f71b/
https://github.com/nodejs/node,CVE-2016-9841,https://osv.dev/vulnerability/CVE-2016-9841,FALSE,https://archive.softwareheritage.org/browse/revision/cea049bcf8bb0f9a6e0095dbd5dffdb14dc8f71b/
https://github.com/nodejs/node,CVE-2016-9842,https://osv.dev/vulnerability/CVE-2016-9842,FALSE,https://archive.softwareheritage.org/browse/revision/cea049bcf8bb0f9a6e0095dbd5dffdb14dc8f71b/
https://github.com/vim/vim,CVE-2022-3705,https://osv.dev/vulnerability/CVE-2022-3705,TRUE,https://archive.softwareheritage.org/browse/revision/d0fab10ed2a86698937e3c3fed2f10bd9bb5e731/
https://github.com/vim/vim,CVE-2022-2264,https://osv.dev/vulnerability/CVE-2022-2264,TRUE,https://archive.softwareheritage.org/browse/revision/d25f003342aca9889067f2e839963dfeccf1fe05/
https://github.com/jenkinsci/compuware-ispw-operations-plugin,CVE-2022-36899,https://osv.dev/vulnerability/CVE-2022-36899,TRUE,https://archive.softwareheritage.org/browse/revision/d3bb590bae5639e70f364c8d2b65504536f28f6e/
https://github.com/videolan/vlc-3.0,CVE-2020-26664,https://osv.dev/vulnerability/CVE-2020-26664,FALSE,https://archive.softwareheritage.org/browse/revision/d590d61de4001c9ddb155613bbe9b269a9fc9daa/
https://github.com/vim/vim,CVE-2022-2129,https://osv.dev/vulnerability/CVE-2022-2129,TRUE,https://archive.softwareheritage.org/browse/revision/d6211a52ab9f53b82f884561ed43d2fe4d24ff7d/
https://github.com/owncloud/client,CVE-2021-44537,https://osv.dev/vulnerability/CVE-2021-44537,FALSE,https://archive.softwareheritage.org/browse/revision/d64e75ec959230303808132a7e43ef7987a55ea5/
https://github.com/vim/vim,CVE-2022-2982,https://osv.dev/vulnerability/CVE-2022-2982,TRUE,https://archive.softwareheritage.org/browse/revision/d6c67629ed05aae436164eec474832daf8ba7420/
https://github.com/vim/vim,CVE-2022-1616,https://osv.dev/vulnerability/CVE-2022-1616,TRUE,https://archive.softwareheritage.org/browse/revision/d88934406c5375d88f8f1b65331c9f0cab68cc6c/
https://github.com/golang/go,CVE-2016-5386,https://osv.dev/vulnerability/CVE-2016-5386,FALSE,https://archive.softwareheritage.org/browse/revision/da6b9ec7bf1722fa00196e1eadc10a29156b6b28/
https://github.com/faye/faye-websocket-node,CVE-2020-15133,https://osv.dev/vulnerability/CVE-2020-15133,FALSE,https://archive.softwareheritage.org/browse/revision/dc392490a8e84b9735aab0e306a2b477a6e84ce5/
https://github.com/vim/vim,CVE-2022-0361,https://osv.dev/vulnerability/CVE-2022-0361,TRUE,https://archive.softwareheritage.org/browse/revision/dc5490e2cbc8c16022a23b449b48c1bd0083f366/
https://github.com/yt-dlp/yt-dlp,CVE-2023-40581,https://osv.dev/vulnerability/CVE-2023-40581,TRUE,https://archive.softwareheritage.org/browse/revision/de015e930747165dbb8fcd360f8775fd973b7d6e/
https://github.com/vim/vim,CVE-2021-4069,https://osv.dev/vulnerability/CVE-2021-4069,TRUE,https://archive.softwareheritage.org/browse/revision/e031fe90cf2e375ce861ff5e5e281e4ad229ebb9/
https://github.com/vim/vim,CVE-2023-1127,https://osv.dev/vulnerability/CVE-2023-1127,TRUE,https://archive.softwareheritage.org/browse/revision/e0f869196930ef5f25a0ac41c9215b09c9ce2d3c/
https://github.com/vim/vim,CVE-2023-4751,https://osv.dev/vulnerability/CVE-2023-4751,TRUE,https://archive.softwareheritage.org/browse/revision/e1121b139480f53d1b06f84f3e4574048108fa0b/
https://github.com/vim/vim,CVE-2022-2206,https://osv.dev/vulnerability/CVE-2022-2206,TRUE,https://archive.softwareheritage.org/browse/revision/e178af5a586ea023622d460779fdcabbbfac0908/
https://github.com/rust-lang/rust,CVE-2020-36317,https://osv.dev/vulnerability/CVE-2020-36317,FALSE,https://archive.softwareheritage.org/browse/revision/e1884a8e3c3e813aada8254edfa120e85bf5ffca/
https://github.com/vim/vim,CVE-2023-4733,https://osv.dev/vulnerability/CVE-2023-4733,TRUE,https://archive.softwareheritage.org/browse/revision/e1dc9a627536304bc4f738c21e909ad9fcf3974c/
https://github.com/vim/vim,CVE-2022-1785,https://osv.dev/vulnerability/CVE-2022-1785,TRUE,https://archive.softwareheritage.org/browse/revision/e2bd8600b873d2cd1f9d667c28cba8b1dba18839/
https://github.com/vim/vim,CVE-2022-1898,https://osv.dev/vulnerability/CVE-2022-1898,TRUE,https://archive.softwareheritage.org/browse/revision/e2fa213cf571041dbd04ab0329303ffdc980678a/
https://github.com/vim/vim,CVE-2022-0554,https://osv.dev/vulnerability/CVE-2022-0554,TRUE,https://archive.softwareheritage.org/browse/revision/e3537aec2f8d6470010547af28dcbd83d41461b8/
https://github.com/rails/rails,CVE-2019-5420,https://osv.dev/vulnerability/CVE-2019-5420,FALSE,https://archive.softwareheritage.org/browse/revision/e69ff43060c1194d2a3bd9b8d9e23f3ae26b84b5/
https://github.com/redis/redis,CVE-2022-24735,https://osv.dev/vulnerability/CVE-2022-24735,FALSE,https://archive.softwareheritage.org/browse/revision/e6f67092f8d4d81761a60c46011d1ff1dc3c2628/
https://github.com/microsoft/vscode,CVE-2021-31214,https://osv.dev/vulnerability/CVE-2021-31214,FALSE,https://archive.softwareheritage.org/browse/revision/e713fe9b05fc24facbec8f34fb1017133858842b/
https://github.com/microsoft/vscode,CVE-2021-31211,https://osv.dev/vulnerability/CVE-2021-31211,FALSE,https://archive.softwareheritage.org/browse/revision/e713fe9b05fc24facbec8f34fb1017133858842b/
https://github.com/golang/go,CVE-2020-16845,https://osv.dev/vulnerability/CVE-2020-16845,FALSE,https://archive.softwareheritage.org/browse/revision/e71b61180aa19a60c23b3b7e3f6586726ebe4fd1/
https://github.com/broofa/node-mime,CVE-2017-16138,https://osv.dev/vulnerability/CVE-2017-16138,FALSE,https://archive.softwareheritage.org/browse/revision/eb24bae372a76acd2c95fd05f8837814c33a9e3d/
https://github.com/golang/go,CVE-2021-29923,https://osv.dev/vulnerability/CVE-2021-29923,FALSE,https://archive.softwareheritage.org/browse/revision/ec5170397c724a8ae440b2bc529f857c86f0e6b1/
https://github.com/vim/vim,CVE-2022-1619,https://osv.dev/vulnerability/CVE-2022-1619,TRUE,https://archive.softwareheritage.org/browse/revision/ef02f16609ff0a26ffc6e20263523424980898fe/
https://github.com/vim/vim,CVE-2022-3352,https://osv.dev/vulnerability/CVE-2022-3352,TRUE,https://archive.softwareheritage.org/browse/revision/ef976323e770315b5fca544efb6b2faa25674d15/
https://github.com/golang/go,CVE-2019-9634,https://osv.dev/vulnerability/CVE-2019-9634,FALSE,https://archive.softwareheritage.org/browse/revision/efa061d9f5d52846dfc3dda40eaf8eccfeeae8d2/
https://github.com/vim/vim,CVE-2022-2286,https://osv.dev/vulnerability/CVE-2022-2286,TRUE,https://archive.softwareheritage.org/browse/revision/f12129f1714f7d2301935bb21d896609bdac221c/
https://github.com/golang/go,CVE-2021-44716,https://osv.dev/vulnerability/CVE-2021-44716,FALSE,https://archive.softwareheritage.org/browse/revision/f1f3923d2e3a0952c698d2901fc052046fa4af3d/
https://github.com/vim/vim,CVE-2022-1381,https://osv.dev/vulnerability/CVE-2022-1381,TRUE,https://archive.softwareheritage.org/browse/revision/f50808ed135ab973296bca515ae4029b321afe47/
https://github.com/vim/vim,CVE-2022-2581,https://osv.dev/vulnerability/CVE-2022-2581,TRUE,https://archive.softwareheritage.org/browse/revision/f50940531dd57135fe60aa393ac9d3281f352d88/
https://github.com/golang/go,CVE-2018-7187,https://osv.dev/vulnerability/CVE-2018-7187,FALSE,https://archive.softwareheritage.org/browse/revision/f69b0c627f94b7dcaf4ec654df8e0ffa4bf46957/
https://github.com/vim/vim,CVE-2022-2849,https://osv.dev/vulnerability/CVE-2022-2849,TRUE,https://archive.softwareheritage.org/browse/revision/f6d39c31d2177549a986d170e192d8351bd571e2/
https://github.com/ckeditor/ckeditor-releases,CVE-2022-24729,https://osv.dev/vulnerability/CVE-2022-24729,FALSE,https://archive.softwareheritage.org/browse/revision/f7491490d73ee475b1aa4460c2449a148cb41ad1/
https://github.com/vim/vim,CVE-2022-2182,https://osv.dev/vulnerability/CVE-2022-2182,TRUE,https://archive.softwareheritage.org/browse/revision/f7c7c3fad6d2135d558f3b36d0d1a943118aeb5e/
https://github.com/yt-dlp/yt-dlp,CVE-2023-35934,https://osv.dev/vulnerability/CVE-2023-35934,TRUE,https://archive.softwareheritage.org/browse/revision/1ceb657bdd254ad961489e5060f2ccc7d556b729/ https://archive.softwareheritage.org/browse/revision/3121512228487c9c690d3d39bfd2579addf96e07/ https://archive.softwareheritage.org/browse/revision/f8b4bcc0a791274223723488bfbfc23ea3276641/
https://github.com/github/cmark-gfm,CVE-2023-37463,https://osv.dev/vulnerability/CVE-2023-37463,FALSE,https://archive.softwareheritage.org/browse/revision/f94b7ed311688b4e14ed10904af98d4536414267/
https://github.com/qemu/qemu,CVE-2021-3682,https://osv.dev/vulnerability/CVE-2021-3682,FALSE,https://archive.softwareheritage.org/browse/revision/f9baca549e44791be0dd98de15add3d8452a8af0/
https://github.com/torvalds/linux,CVE-2019-19052,https://osv.dev/vulnerability/CVE-2019-19052,TRUE,https://archive.softwareheritage.org/browse/revision/fb5be6a7b4863ecc44963bb80ca614584b6c7817/
https://github.com/teeworlds/teeworlds,CVE-2016-9400,https://osv.dev/vulnerability/CVE-2016-9400,TRUE,https://archive.softwareheritage.org/browse/revision/ff254722a2683867fcb3e67569ffd36226c4bc62/
https://github.com/owncloud/core,CVE-2021-35946,https://osv.dev/vulnerability/CVE-2021-35946,FALSE,https://archive.softwareheritage.org/browse/revision/ff4292104e374ef188059791367f9490d402df96/
https://github.com/owncloud/client,CVE-2020-28646,https://osv.dev/vulnerability/CVE-2020-28646,FALSE,https://archive.softwareheritage.org/browse/revision/24d161acadbf73d425186a41543d0a05376829e5/
https://github.com/ruby/ruby,CVE-2018-16395,https://osv.dev/vulnerability/CVE-2018-16395,FALSE,https://archive.softwareheritage.org/browse/revision/faba7187c5e659d7a6da67ec844c4989fc74a8d5
https://github.com/mjg59/pupnp-code,CVE-2016-6255,https://osv.dev/vulnerability/CVE-2016-6255,TRUE,https://archive.softwareheritage.org/browse/revision/be0a01bdb83395d9f3a5ea09c1308a4f1a972cbd
https://github.com/systemd/systemd,CVE-2020-1712,https://osv.dev/vulnerability/CVE-2020-1712,TRUE,https://archive.softwareheritage.org/browse/revision/fb21e13e8ecbe25d80c1219b14e6495795df18ef https://archive.softwareheritage.org/browse/revision/ea0d0ede03c6f18dbc5036c5e9cccf97e415ccc2 https://archive.softwareheritage.org/browse/revision/2e504c92d195d407cec3ba9ed156b195c31a5f3f https://archive.softwareheritage.org/browse/revision/f9145426257644858f230df0113b05be0b035347 https://archive.softwareheritage.org/browse/revision/351627d4bfa39dd05f28d889967383af2372de6d https://archive.softwareheritage.org/browse/revision/b4eb8848240c3540180e4768216a0b884a5ed783 https://archive.softwareheritage.org/browse/revision/bc130b6858327b382b07b3985cf48e2aa9016b2d https://archive.softwareheritage.org/browse/revision/83bfc0d8dd026814d23e3fdfa46806394f775526 https://archive.softwareheritage.org/browse/revision/67e576e3d7acc22c9631664e1ab9b3888afdb1dc https://archive.softwareheritage.org/browse/revision/c3141774dfb84b1526c4991bb775457c739eb179 https://archive.softwareheritage.org/browse/revision/e2d4cb9843c50eff76e9104fec6b448c0d7c8814 https://archive.softwareheritage.org/browse/revision/43a4acb4b19ae883efab1f1849581cab5d5b303c https://archive.softwareheritage.org/browse/revision/637486261528e8aa3da9f26a4487dc254f4b7abb https://archive.softwareheritage.org/browse/revision/487b55d9a7d69c6988e777f70d452dce3bdc8df5 https://archive.softwareheritage.org/browse/revision/57cab4a328f0e7c7ae6fb7f23013ffe11cec05c0 https://archive.softwareheritage.org/browse/revision/f799fd53715b342f252de94562af8c9970fa45ba https://archive.softwareheritage.org/browse/revision/f14fa558ae9e139c94ee3af4a1ef1df313b2ff66 https://archive.softwareheritage.org/browse/revision/dd8aa0871d9cafa60a916d4ec01dd82d64edf7ed https://archive.softwareheritage.org/browse/revision/1068447e6954dc6ce52f099ed174c442cb89ed54
https://git.kernel.org/pub/scm/linux/kernel/git/torvalds/linux.git,CVE-2016-0728,https://osv.dev/vulnerability/CVE-2016-0728,TRUE,https://archive.softwareheritage.org/browse/revision/d63c5357719b43992a0202e1b38f05fb44358256 https://archive.softwareheritage.org/browse/revision/23567fd052a9abb6d67fe8e7a9ccdd9800a540f2 https://archive.softwareheritage.org/browse/revision/d09fcb59ab7a8a4f637dbead8a34bf73a0fb23c4 https://archive.softwareheritage.org/browse/revision/e1891db0a2013b5b75d70f24be5dccd64a917ca7 https://archive.softwareheritage.org/browse/revision/d4c63bf4d297eb0f0a2cabd6ddc29f12eda60d83 https://archive.softwareheritage.org/browse/revision/80bbe650a8703f9faeb09bd2b030772db62abe24 https://archive.softwareheritage.org/browse/revision/cf5c1b24a5f26cb7d22e153312f76287a0e1bc52 https://archive.softwareheritage.org/browse/revision/ea2233bb888b464b1aca4e4d1e9174da27d70cad https://archive.softwareheritage.org/browse/revision/8a897d8a6a3c6bb96c89e593bc1df85e8784f124 https://archive.softwareheritage.org/browse/revision/3ca9a2e6db80e525d8c6142fa63154726180eb13 https://archive.softwareheritage.org/browse/revision/310fd64d0ecd53c38a645d0e1fa464abe4c76e7c https://archive.softwareheritage.org/browse/revision/108c097aad525cad3d386a4de9445c1d6029da86 https://archive.softwareheritage.org/browse/revision/d690ca6a10e4efb8b57ba7a8122708f8a132443d https://archive.softwareheritage.org/browse/revision/fc4f48998ed66f064b61d2298d63a5239a5265dd https://archive.softwareheritage.org/browse/revision/2a6d784299cb4183af5f735185bd286050e4af17 https://archive.softwareheritage.org/browse/revision/36d9fa04563c492d3e372f37e8227b34b8d6c668 https://archive.softwareheritage.org/browse/revision/d722761594f1ee957dff282414264a2c7d7146cb https://archive.softwareheritage.org/browse/revision/dbdbbde9c5a0fa5529a1f7866129b1ed86f5b9ea https://archive.softwareheritage.org/browse/revision/70c68b8d90c19f04ff2ecc751428426e87f25bc8 https://archive.softwareheritage.org/browse/revision/004e6e046e3e1f2fd899a54a63598c6d965643d6 https://archive.softwareheritage.org/browse/revision/05c0187bb6cd3edb8e6b4806a534c34210ee4543 https://archive.softwareheritage.org/browse/revision/dd0994a426e821ddcfad2ab5354bf1b3e7e26867 https://archive.softwareheritage.org/browse/revision/d2ac768d18e920d04138d78686a483f2d0f35052 https://archive.softwareheritage.org/browse/revision/7c17d960da211491b12c9a1f2da13cd30d197837 https://archive.softwareheritage.org/browse/revision/36df8612077bbd4b3865a7cd34b34aa11f03ff1e https://archive.softwareheritage.org/browse/revision/78c5995d9df4046a04f47c2d4c743a47113d857e https://archive.softwareheritage.org/browse/revision/f703f3c2c0271504731404c07766cc9535e8f8b9
https://github.com/madler/zlib,CVE-2016-9842,https://osv.dev/vulnerability/CVE-2016-9842,TRUE,https://archive.softwareheritage.org/browse/revision/e54e1299404101a5a9d0cf5e45512b543967f958
https://github.com/ruby/ruby,CVE-2018-8780,https://osv.dev/vulnerability/CVE-2018-8780,FALSE,https://archive.softwareheritage.org/browse/revision/933bb2b8b57c48dc664fce6d752670e6521a4141
https://git.kernel.org/pub/scm/linux/kernel/git/torvalds/linux.git,CVE-2020-36385,https://osv.dev/vulnerability/CVE-2020-36385,TRUE,https://archive.softwareheritage.org/browse/revision/f39e87770b2c59b227a928dfcabb58e7a081236b https://archive.softwareheritage.org/browse/revision/d5136a60cb6cfbd9ac8f6af0f1ce39d525931642 https://archive.softwareheritage.org/browse/revision/84ce2c12144e6aa37df40706c8b89945e6f823f9 https://archive.softwareheritage.org/browse/revision/f5449e74802c1112dea984aec8af7a33c4516af1
https://github.com/eclipse/openj9,CVE-2019-10245,https://osv.dev/vulnerability/CVE-2019-10245,TRUE,https://archive.softwareheritage.org/browse/revision/bad1d4d061d4081c375de2256915932cb1b04b6a
https://gitlab.freedesktop.org/xorg/xserver,CVE-2023-1393,https://osv.dev/vulnerability/CVE-2023-1393,TRUE,https://archive.softwareheritage.org/browse/revision/fb51d5dd53b02422ea3b6f36bd017488d41f472d https://archive.softwareheritage.org/browse/revision/5789e30d9d8de256827084fefb07832fefabdd51 https://archive.softwareheritage.org/browse/revision/26ef545b3502f61ca722a7a3373507e88ef64110 https://archive.softwareheritage.org/browse/revision/80c6923d338c1d694889b55da9187ea7c23ee723 https://archive.softwareheritage.org/browse/revision/b3d05255dd1e8ece1636fb07b9461122273785ee
https://github.com/madler/zlib,CVE-2016-9841,https://osv.dev/vulnerability/CVE-2016-9841,TRUE,https://archive.softwareheritage.org/browse/revision/9aaec95e82117c1cb0f9624264c3618fc380cecb
https://git.kernel.org/pub/scm/linux/kernel/git/torvalds/linux.git,CVE-2019-9503,https://osv.dev/vulnerability/CVE-2019-9503,TRUE,https://archive.softwareheritage.org/browse/revision/a4176ec356c73a46c07c181c6d04039fafa34a9f https://archive.softwareheritage.org/browse/revision/4699437726e3f99e5da4cede82dc7473f0b9e956 https://archive.softwareheritage.org/browse/revision/a885bae11c2aa0cdedf8ccb9a41fc1d7e58a0142 https://archive.softwareheritage.org/browse/revision/91bffd270f058bcbb22b783f447308d626db3ce9
https://github.com/microsoft/vscode,CVE-2020-17150,https://osv.dev/vulnerability/CVE-2020-17150,TRUE,https://archive.softwareheritage.org/browse/revision/e724f269ded347b49fcf1657fc576399354e6703
https://github.com/radare/radare2,CVE-2023-46569,https://osv.dev/vulnerability/CVE-2023-46569,FALSE,https://archive.softwareheritage.org/browse/revision/4a07098809c71c21515d0f862ac4ca044ae95e95
https://git.kernel.org/pub/scm/linux/kernel/git/torvalds/linux.git,CVE-2018-13405,https://osv.dev/vulnerability/CVE-2018-13405,TRUE,https://archive.softwareheritage.org/browse/revision/4e70e7336be639d49ed89ef402231854d8b792e4 https://archive.softwareheritage.org/browse/revision/6471d82429d74e7bc19e5bfc256a20198947eadc https://archive.softwareheritage.org/browse/revision/84c112a933875e456b70cde1ec324c0bea8a0eae https://archive.softwareheritage.org/browse/revision/6736da729b60781de556e224666f106e6fbb519c https://archive.softwareheritage.org/browse/revision/84824414fbcdc308905d4e18225d6d4d42e188e2 https://archive.softwareheritage.org/browse/revision/cff9ec8928dd1b80a8b433ec8848efab1690cb05 https://archive.softwareheritage.org/browse/revision/657a00454130e27a21442efa6ad9f4af107d2341 https://archive.softwareheritage.org/browse/revision/0fa3ecd87848c9c93c2c828ef4c3a8ca36ce46c7 https://archive.softwareheritage.org/browse/revision/44a6a83941e098430f1f6261cd21389b13faf0fb https://archive.softwareheritage.org/browse/revision/a7f4ff446f174907dc924ef58ecb7d795523e65b https://archive.softwareheritage.org/browse/revision/ff9430340703c173fbab8f6379df9844d118fa5a https://archive.softwareheritage.org/browse/revision/196c443a9b7509e2bbfaf64f1c9c2c34c6107dbb https://archive.softwareheritage.org/browse/revision/b564d9379e4a8b530c1a32a0a0ea6deda0a1880c https://archive.softwareheritage.org/browse/revision/4c659854fbddda3b3c5dbc63280b291ceba4ec97 https://archive.softwareheritage.org/browse/revision/489daa793cc51133f698a09555ece995313e12f1 https://archive.softwareheritage.org/browse/revision/6920e26d632e977402b9583b7cb1c3bd63dfe975 https://archive.softwareheritage.org/browse/revision/ebd8ccf840103e2d3e32b10520fd510a68ca825c https://archive.softwareheritage.org/browse/revision/d97ac6b8afd202dc36c6c174902f4b1acdca90fd
https://git.kernel.org/pub/scm/linux/kernel/git/torvalds/linux.git,CVE-2016-3134,https://osv.dev/vulnerability/CVE-2016-3134,TRUE,https://archive.softwareheritage.org/browse/revision/40d2c08f7a41f6982533ce2bec80dbec18a06668 https://archive.softwareheritage.org/browse/revision/7e6a21347b5824db5e4a5ca4b78cc4a9170327a5 https://archive.softwareheritage.org/browse/revision/bae6e576c83688208797954daa646e31013e0b97 https://archive.softwareheritage.org/browse/revision/478aed42ace9055f9119920e4de36a5c211500d3 https://archive.softwareheritage.org/browse/revision/c2c5760e95c1e9b5cc8da7804e19dd57f0094418 https://archive.softwareheritage.org/browse/revision/8a900d030a777a3fc8d6118bb70365efb365b464 https://archive.softwareheritage.org/browse/revision/f9c33fc1ac9cee611b27759257ca045765f6d5ca https://archive.softwareheritage.org/browse/revision/7bb30a46fc70b4632b647d13296477323bca6674 https://archive.softwareheritage.org/browse/revision/eb3e70690cffde853ebada43df7652de7643f430 https://archive.softwareheritage.org/browse/revision/1890a33bd55e9fd9c0a247b36b2c4063be571385 https://archive.softwareheritage.org/browse/revision/dde43ae706fe1d5e1839b6674bf19b1a85ab43e7 https://archive.softwareheritage.org/browse/revision/242af0fd722cd7261825d4be70e5f1603efc0cd2 https://archive.softwareheritage.org/browse/revision/118659aecc1045da921d88ffbeccf6d5456c23d4 https://archive.softwareheritage.org/browse/revision/379ceed2ec1809b40e3465beb08ff07591b601c3 https://archive.softwareheritage.org/browse/revision/8915b7e4534db9e7981e6c05cf879ca2834c89c0 https://archive.softwareheritage.org/browse/revision/924401d7969cf8130813398b5402fd9ebe7c64c7 https://archive.softwareheritage.org/browse/revision/54d83fc74aa9ec72794373cb47432c5f7fb1a309 https://archive.softwareheritage.org/browse/revision/28dab94f0da9585f67ef8bde39cd7f10b7be103f https://archive.softwareheritage.org/browse/revision/3445968c9abb481bbc99bbf73dee2041dcc6909f https://archive.softwareheritage.org/browse/revision/83959c73fd817d5f86b7d860b04b9340c67b37c6 https://archive.softwareheritage.org/browse/revision/8637f5a3c975760bc839a884fead1e4a62eadb95 https://archive.softwareheritage.org/browse/revision/93c5a407b109fe97e03a941834766697b19be0da https://archive.softwareheritage.org/browse/revision/47a4c76cefca2dcf9e372b6563fdb04705cb9233 https://archive.softwareheritage.org/browse/revision/d46915fa02eddcc497482308103475dcc04e2a61 https://archive.softwareheritage.org/browse/revision/21614afc1e93ce38d9b504f6d177702d90b47b5d https://archive.softwareheritage.org/browse/revision/8ebade77084c3c2dd75c7bbb70d30de4acc33def https://archive.softwareheritage.org/browse/revision/8d5fa3769ac50dd6f9493569cea152e71662e28e https://archive.softwareheritage.org/browse/revision/0947bff93e136ccba8269c30f05a55b28b5907d9 https://archive.softwareheritage.org/browse/revision/3e529d00c1c049f5132b837ee881293a04f42b0f https://archive.softwareheritage.org/browse/revision/935e69ad8241039f683052e6b5e04769ff9811e1 https://archive.softwareheritage.org/browse/revision/f10461e6cebcae8ceb0994562dc8ca3934878433 https://archive.softwareheritage.org/browse/revision/101d12ca3497df79b53e7e432fb0acf090ba1752 https://archive.softwareheritage.org/browse/revision/5a7791d1262f36e45a7f387c8657f05c1051e1c3 https://archive.softwareheritage.org/browse/revision/a019ff86ceb8233d7365a6f00fbc7125e948d2bc https://archive.softwareheritage.org/browse/revision/8b85cad4e5b73ed7a583c9046de9068e9ec930f6 https://archive.softwareheritage.org/browse/revision/cd105140346fd8a13e425a06fe182f0346a1bdfd https://archive.softwareheritage.org/browse/revision/208526c7ff5ac94c7b24ae48368d1044b617a152 https://archive.softwareheritage.org/browse/revision/2bd74af651efade6b69312f04afc3e3b6bba5dda https://archive.softwareheritage.org/browse/revision/2407fea1c1645da20439603ce794f7a89af268de https://archive.softwareheritage.org/browse/revision/267b155105b75300e0755a10bacdae33b83dbaff https://archive.softwareheritage.org/browse/revision/aed836fac138c90a7c3dd94bcba10eda103bd977 https://archive.softwareheritage.org/browse/revision/0c1e6cf00bcb304e0099600a24fbd67d5e63f640 https://archive.softwareheritage.org/browse/revision/2a54165d79637d533bd6200790c87225a61e86f3 https://archive.softwareheritage.org/browse/revision/e371664da2770515a6f10ab514945eefef66c4fa https://archive.softwareheritage.org/browse/revision/030ddaac15d44021e7e8da0038e9ec665a10f833 https://archive.softwareheritage.org/browse/revision/bdc987d889780cdf51fd6b736d26bb28f4d080cd https://archive.softwareheritage.org/browse/revision/be819a46d94c90bbf2e28a303e5455973a41fa92 https://archive.softwareheritage.org/browse/revision/07a8da29b728590f6975b6320a387f8fdf60b9be https://archive.softwareheritage.org/browse/revision/762709c710198aab7c399571d8f7aaa9627ec524 https://archive.softwareheritage.org/browse/revision/98dbf4d844a12298071fc0025eb2e2f319b4c48a https://archive.softwareheritage.org/browse/revision/77e45c7bec04f2993550cf57e17601ec7f84edbd https://archive.softwareheritage.org/browse/revision/b0b951eaf7b146c5782ab4bef68f21f1837ea800 https://archive.softwareheritage.org/browse/revision/c28a71d83015537ccde256a17c406fa52985e243 https://archive.softwareheritage.org/browse/revision/e62372bff806de2f43e972ed633980c63704e67e https://archive.softwareheritage.org/browse/revision/76574c90fefbd5ebff6a3445a7b689aee7b8a73b https://archive.softwareheritage.org/browse/revision/8879c143e88921311719d52012833cb5d18a9616 https://archive.softwareheritage.org/browse/revision/5f6ca6d2b6ebfb5affbf36d4ed92277f15f092a0 https://archive.softwareheritage.org/browse/revision/07d193220558f9de3736e71a34867d89e6d250a6 https://archive.softwareheritage.org/browse/revision/c10dda3550348c43533489281f6674defbfa423e https://archive.softwareheritage.org/browse/revision/b87ac39511c21702fe34c0710eb0c1ffee2c316d https://archive.softwareheritage.org/browse/revision/eb053a09297bc2b8a6c04665c32e4c0de8520b30 https://archive.softwareheritage.org/browse/revision/4f524cb868f727019dec1a005831d029c50e7a51 https://archive.softwareheritage.org/browse/revision/1578e44943fb1c4d4bf54a3545bfb79f0a37f7bf https://archive.softwareheritage.org/browse/revision/426cebe4f7bf8f98649fdee7759d29ff5de47f50 https://archive.softwareheritage.org/browse/revision/8bd5c6a08a62aec41dd83a83060b604727b2d102 https://archive.softwareheritage.org/browse/revision/46affdb741e4eb8644e8df78c9f1e9a2f12752ab https://archive.softwareheritage.org/browse/revision/86bc53cfb445fd047ae29c1967a794c8b33f4355
https://git.kernel.org/pub/scm/linux/kernel/git/torvalds/linux.git,CVE-2020-29661,https://osv.dev/vulnerability/CVE-2020-29661,TRUE,https://archive.softwareheritage.org/browse/revision/0ac7287a97a08ce6381290a43b886c090c8563ac https://archive.softwareheritage.org/browse/revision/54ffccbf053b5b6ca4f6e45094b942fab92a25fc https://archive.softwareheritage.org/browse/revision/ba0ec80fb32a3ca6e15d51ddcb54c1095f04cf2a
https://git.kernel.org/pub/scm/linux/kernel/git/torvalds/linux.git,CVE-2018-10675,https://osv.dev/vulnerability/CVE-2018-10675,TRUE,https://archive.softwareheritage.org/browse/revision/82df8beb25f63b75ae2c234a40afe63da9b83c64 https://archive.softwareheritage.org/browse/revision/23da1dbc853b5b2e0598802e42ab89aaefabf4fc https://archive.softwareheritage.org/browse/revision/080cd54973b31b57bed4834348d5d510d3aa6bd7 https://archive.softwareheritage.org/browse/revision/ea04a5f62ca732a3c55e712192e0a303277c209c https://archive.softwareheritage.org/browse/revision/af5eedfdb4336411b738941529d861fc222d4a1c https://archive.softwareheritage.org/browse/revision/73223e4e2e3867ebf033a5a8eb2e5df0158ccc99 https://archive.softwareheritage.org/browse/revision/46b5ec96ee7f5312e6dcfec765b9fa82d59e85c7 https://archive.softwareheritage.org/browse/revision/3aa7a918dab01a1d06a038c2358b34a494daa6dd https://archive.softwareheritage.org/browse/revision/08f27073c9cd648a801a1cac9eb76412bb63453c https://archive.softwareheritage.org/browse/revision/91a53dd463c4e55370cb2322581d7ea7c23c2df5 https://archive.softwareheritage.org/browse/revision/8c125db93261711b5c112970829c9d516a29da6a https://archive.softwareheritage.org/browse/revision/fdaf18daa03f0239285937b5f5be3135bd4c6777 https://archive.softwareheritage.org/browse/revision/beb452c04942d97326b160e6a7a476110a5d337a https://archive.softwareheritage.org/browse/revision/ba2369e54f2d770352516a6f9d4136cdef00f08f https://archive.softwareheritage.org/browse/revision/844aa88cd5aa05c28d98ce028086d7a18faf2ced https://archive.softwareheritage.org/browse/revision/ac57a2f6317bfe81df9acfb57212dd9ff6e2c6ea https://archive.softwareheritage.org/browse/revision/ab54fe74d4f32f26468eee0360ccae3096a44630 https://archive.softwareheritage.org/browse/revision/b480889f9553b9992da922e6911e96e1d0bc3d98 https://archive.softwareheritage.org/browse/revision/0a12efcc5739374b46e83a49b9ca8551081bf00b https://archive.softwareheritage.org/browse/revision/642bdca101454602f91b92ad61e1e535284be37e https://archive.softwareheritage.org/browse/revision/19154e87027ea14069acdac138995fdc53a10e4c https://archive.softwareheritage.org/browse/revision/fe0a4a2219e677c365b5e4dcce665f0def1b0e7b https://archive.softwareheritage.org/browse/revision/4f562affea5a1b22f4ecdb9b792552850f5c7a72 https://archive.softwareheritage.org/browse/revision/8fb43c0a3b39db1a880c9b1518a818640910f3d2 https://archive.softwareheritage.org/browse/revision/368ff0e3971be84cb7535f99be3aee7e5e942726
git://git.gnupg.org/gpg4win.git,CVE-2022-3515,https://osv.dev/vulnerability/CVE-2022-3515,FALSE,https://archive.softwareheritage.org/browse/revision/e9684ee75cb7481f5130d18f150013094a382e0a
https://git.kernel.org/pub/scm/linux/kernel/git/torvalds/linux.git,CVE-2018-5344,https://osv.dev/vulnerability/CVE-2018-5344,TRUE,https://archive.softwareheritage.org/browse/revision/da51a65d7418743b41a8ea2f3c77d40a05208926 https://archive.softwareheritage.org/browse/revision/0e6331d44469de92d936739e3e7233c317afd5ea https://archive.softwareheritage.org/browse/revision/0c82853d289e4e1cc0c2c21803930d1754d87fa3 https://archive.softwareheritage.org/browse/revision/ece59d6d0fb19197c3f48c4d17449db1fd06d357 https://archive.softwareheritage.org/browse/revision/cd6abfebbe20f139ada2478762e1880fa93d884a https://archive.softwareheritage.org/browse/revision/c14fd63ae70effdf286caad6f423fcfe30f4dc47 https://archive.softwareheritage.org/browse/revision/55935bf5cee89474ee8e7378c2c04e46c6d5570a https://archive.softwareheritage.org/browse/revision/65afd2b87cfe957b847cf5a71c9e4bb1daa49790 https://archive.softwareheritage.org/browse/revision/c7c06c7742f63391b8becd1cfcabbb419793354f https://archive.softwareheritage.org/browse/revision/4b41c2a44c49fcdbba4ac75616c9ac7955e9f274 https://archive.softwareheritage.org/browse/revision/c4af8622cf5b8897d77dfd0c4235703ac3cbb38c https://archive.softwareheritage.org/browse/revision/7cc8ac4fff4493965afbf8b81050066bf71e3c71 https://archive.softwareheritage.org/browse/revision/0af57028232950d60942416aaf577d301297bc48 https://archive.softwareheritage.org/browse/revision/ea592527fba42dc1429f8c832cc1bbe38036a709 https://archive.softwareheritage.org/browse/revision/73d3ce408f07c27118d5cd6fc456b2fa90e74b1c https://archive.softwareheritage.org/browse/revision/ca167ff4dd232ea73454d30a7b0c2e46143f33f0 https://archive.softwareheritage.org/browse/revision/449fb59c3f484b68d0a64135b904d995d5b665de https://archive.softwareheritage.org/browse/revision/6d654ef1eeeec70026d043739a5abe72a5bb914b https://archive.softwareheritage.org/browse/revision/64a67f50acbd8ccbc815141caf543274bd121a63 https://archive.softwareheritage.org/browse/revision/3c7f592be6ed7a89bb3f7d6523846378121d2687 https://archive.softwareheritage.org/browse/revision/e145b86144fec2191323ea4e161e14127d5a7284 https://archive.softwareheritage.org/browse/revision/3cb727d968ba4b95d872f17f9212c4e750ade6ef https://archive.softwareheritage.org/browse/revision/58993897e50eddd13f4166e64f8c7027cf1d625c https://archive.softwareheritage.org/browse/revision/7f63095c62d01b7ae6dd37aafdc287f26e207e36 https://archive.softwareheritage.org/browse/revision/93b52d2c7dd1b3e1b002bbceb971c67774b561a1 https://archive.softwareheritage.org/browse/revision/e33b03ba1f588ffdf01e396f3d49695b7d176431 https://archive.softwareheritage.org/browse/revision/6108fa664c71d98048c02d86126a8a37196fc71b https://archive.softwareheritage.org/browse/revision/0596af62d62f763dbd72599ff4c5bc768ed70413 https://archive.softwareheritage.org/browse/revision/035d1921dca31d69535b3c5ebd4a80ef504e8378 https://archive.softwareheritage.org/browse/revision/484de4cc81e10fb2c1748aa374ddcd612c63ce06 https://archive.softwareheritage.org/browse/revision/54ae140d74d41f08dbe6430d9ce75a02260b2316 https://archive.softwareheritage.org/browse/revision/d1df4c4347f57993d5d2ce9aa55beae3a6965782 https://archive.softwareheritage.org/browse/revision/4eb5a3e7468b393857fad81d58904191dc5c9722 https://archive.softwareheritage.org/browse/revision/4c37ba7421f51512163b3d56fefbbc10bab4f59f https://archive.softwareheritage.org/browse/revision/7f6a437747fe5df1bf8499ddfa10be88a007fe2e https://archive.softwareheritage.org/browse/revision/ae6650163c66a7eff1acd6eb8b0f752dcfa8eba5 https://archive.softwareheritage.org/browse/revision/511845a5e6ddf207932b55926c8eac27c5d72e39 https://archive.softwareheritage.org/browse/revision/4765fa0d3e8f08bab9978a79fe0d0e71e3afe250 https://archive.softwareheritage.org/browse/revision/38d3ad5c9aed9d6b5758e6b9799020e3b09910cb https://archive.softwareheritage.org/browse/revision/6b93c54730bd47d8c19d0e4bd7b9852e154720d0 https://archive.softwareheritage.org/browse/revision/b3174f11f7217783be72802192a3cd8053ca3ebe https://archive.softwareheritage.org/browse/revision/0b432677187383551d8e4915a7075f9376923d8a https://archive.softwareheritage.org/browse/revision/fbbe56c90f403c13f93ce45e3709188bd442cd5d https://archive.softwareheritage.org/browse/revision/39148e047b4f20084de6af608db18106389a0755 https://archive.softwareheritage.org/browse/revision/c20ce5f67a037a9e60e16409eaf83176f2db509e https://archive.softwareheritage.org/browse/revision/8112ab35bb7e6141caf6bd0c74583ae4359b6f38 https://archive.softwareheritage.org/browse/revision/d1255da44c771776b3dbf76f234248bc7b517fea
https://github.com/eclipse/openj9,CVE-2018-12547,https://osv.dev/vulnerability/CVE-2018-12547,FALSE,https://archive.softwareheritage.org/browse/revision/04890c30076872e4c5286727d4d63473c41674e8
https://github.com/torvalds/linux,CVE-2022-27666,https://osv.dev/vulnerability/CVE-2022-27666,TRUE,https://archive.softwareheritage.org/browse/revision/ebe48d368e97d007bfeb76fcb065d6cfc4c96645 https://archive.softwareheritage.org/browse/revision/49f7858035ef6eb467ee742d4035de3060b65d71 https://archive.softwareheritage.org/browse/revision/bdfc4725d03f519ef7813817862d20fb0ea06f0a
https://git.kernel.org/pub/scm/linux/kernel/git/torvalds/linux.git,CVE-2016-4805,https://osv.dev/vulnerability/CVE-2016-4805,TRUE,https://archive.softwareheritage.org/browse/revision/eb89f767a216dedb2bf962bd528c4cf015166666 https://archive.softwareheritage.org/browse/revision/12725ebe02fae2ee57c4bba56292d1fb985310bd https://archive.softwareheritage.org/browse/revision/936e5756f5749508d51e48bfdecd87276874f4e5 https://archive.softwareheritage.org/browse/revision/2276ef2374e5ddecca02ad3c4356d1b77b8c10c7 https://archive.softwareheritage.org/browse/revision/d48bfa784437f7e9f7db17462cb30bb4bb39d64f https://archive.softwareheritage.org/browse/revision/ffc8691be8b80b8cdba47789aa93ff6783931b8e https://archive.softwareheritage.org/browse/revision/63be33c230fa3187bb0d58a4597098e71c0dd1c0 https://archive.softwareheritage.org/browse/revision/28eb34b44919dbf40e1219424f7271fc0871913a https://archive.softwareheritage.org/browse/revision/a4218dc340507df6b759f12451d6ff4e7ee8d208 https://archive.softwareheritage.org/browse/revision/e98dab2bb3162e37c4935e8b704b75b90f2b99fd https://archive.softwareheritage.org/browse/revision/19edd2262a55d89cc9035b45e6f5f7e2b185897d https://archive.softwareheritage.org/browse/revision/e415bc59d1a49a7c8aede5298df37d2ac5498019 https://archive.softwareheritage.org/browse/revision/919934913521f07b16391e6679777eefbdc2fc56 https://archive.softwareheritage.org/browse/revision/24073d2e7cdfa685d057f4868c5afccc5b32dfed https://archive.softwareheritage.org/browse/revision/2e45e88e7af6ead489de6719ece92943d4aba3b7 https://archive.softwareheritage.org/browse/revision/17c0d3f826902cdc5cd60bc3d26a7f6b1d2ebaf0 https://archive.softwareheritage.org/browse/revision/eb65d3c43e78695d3036695283ef40b6d289c4b2 https://archive.softwareheritage.org/browse/revision/f9c799ea67f12a000ebacbc72fdd87d06e47f6a3 https://archive.softwareheritage.org/browse/revision/509e99b217ff5b045f3fcdfcf78af859c3c2e6e4 https://archive.softwareheritage.org/browse/revision/4601957caf4a989a274ca071f4a713efd2cafce6 https://archive.softwareheritage.org/browse/revision/6718f76a3aea0d63073543a514a7e4294b1230e7 https://archive.softwareheritage.org/browse/revision/6c1ac4f9cc83ce6e244a3d07db3d443abbea20fd https://archive.softwareheritage.org/browse/revision/cac0a700f875c4a8ab1cffb42582a6b51191cdce https://archive.softwareheritage.org/browse/revision/2b7f1f7b1dd7e98b43e138d62da7364dd3d7cda3 https://archive.softwareheritage.org/browse/revision/c50f446ce9f14f14b91626bd2487efac36ec2bbc https://archive.softwareheritage.org/browse/revision/72a06da02a5583fd82f32500e2b4958b77ba28c7 https://archive.softwareheritage.org/browse/revision/9493b3a44fb6e2f5ae872a6e48461b54dc7536b8 https://archive.softwareheritage.org/browse/revision/3f6d3ffea2f94c79068346d4427c104d46c05b93 https://archive.softwareheritage.org/browse/revision/1622fe08b099f29ae4f71461678b7a11f0a8f869 https://archive.softwareheritage.org/browse/revision/5d8bf47b4fc24a8451aa57785bce2de12f2b9d17 https://archive.softwareheritage.org/browse/revision/1f461dcdd296eecedaffffc6bae2bfa90bd7eb89 https://archive.softwareheritage.org/browse/revision/97d74f9be0d7e15fa18caa77d058777f234a7c77 https://archive.softwareheritage.org/browse/revision/c76e9f40aa97a73c358429c9f9efe4f662506387 https://archive.softwareheritage.org/browse/revision/7388be46694405e13ab0a99055ad89d45b1b1361 https://archive.softwareheritage.org/browse/revision/05dd3d95b71a8485578b0fb721ad167a5d3edbe7 https://archive.softwareheritage.org/browse/revision/9ad0f61121aba076f7cd0070a2786861a5ccf9a7 https://archive.softwareheritage.org/browse/revision/6784dec7262e9d42f26f2c2117a00526bcc658f7 https://archive.softwareheritage.org/browse/revision/912dd1e2c86a33f6c9fad42b33ab21bdb6ef1db1 https://archive.softwareheritage.org/browse/revision/fa7e5e1244f533ac157cbdaa8f32c59782931b2c https://archive.softwareheritage.org/browse/revision/6434d922d883e788470a03bedb94b68c8f36e18d https://archive.softwareheritage.org/browse/revision/44e66f30bc6d1e78e2b0db8692f81507fa82d7e2 https://archive.softwareheritage.org/browse/revision/aa39c8144497d62259a711b8a8002752e1381d0d https://archive.softwareheritage.org/browse/revision/db775b85015d418e01b8d2e859ced20c1fa386c5 https://archive.softwareheritage.org/browse/revision/43d10d4804340411f7ada1ea30bf21e5c89c5ca0 https://archive.softwareheritage.org/browse/revision/9c81f63ae787bfb48fa330aaec49c447270f76c3 https://archive.softwareheritage.org/browse/revision/9fbcf7a2586e88c38b6893b3d0b763d88872678d https://archive.softwareheritage.org/browse/revision/f984dda8193101dbc595e9ceb40fa9682494c721 https://archive.softwareheritage.org/browse/revision/b8515dfb5e800c673bb4004bd65f1dfa89813f97 https://archive.softwareheritage.org/browse/revision/81bccbd442394abf0aca5c59aa99e5cf6cc78f6d https://archive.softwareheritage.org/browse/revision/1bea36384d6c9ac0b9edc951ec7e4e82c186eae5 https://archive.softwareheritage.org/browse/revision/b4c058c42108f83099f3b763546b9dfefcc8cd4e https://archive.softwareheritage.org/browse/revision/805836ae2cf268bb28be39c5cb21423236b371ae https://archive.softwareheritage.org/browse/revision/24ee582b56dade1c98eb12edb81838c8c3b8d937 https://archive.softwareheritage.org/browse/revision/86a6753bef33fe48178fc60a4f26530ad8cdb7e6 https://archive.softwareheritage.org/browse/revision/a3b998c722e135c234db5f984b572236527f364b https://archive.softwareheritage.org/browse/revision/274870e92c4320453475dba3494ab0dccd861aae https://archive.softwareheritage.org/browse/revision/55aef61984f116f87c21c55f0fd8b791cc03226b https://archive.softwareheritage.org/browse/revision/0827eb6ac97a9229fa74f38ab1674c612fcecce9 https://archive.softwareheritage.org/browse/revision/7708ab6ba2660cb76ff751a18a1dd0864ce3db58 https://archive.softwareheritage.org/browse/revision/2ad3e2d01801df47556bfa73afbb2bc21ae2d345 https://archive.softwareheritage.org/browse/revision/8fa6ee8de3029be676978f10683a251799800437 https://archive.softwareheritage.org/browse/revision/8fe4cdec2ca3a680a0b307f5aaf009a6e65bbd8f https://archive.softwareheritage.org/browse/revision/d3061bdf81a55c3346a307d1776a5dbf1386e8a8 https://archive.softwareheritage.org/browse/revision/3fa4410ef338fca3eb943e5466cb6c8299212bbc https://archive.softwareheritage.org/browse/revision/2b0e7c6303beeec9da39da953fd9199f1e57e1ad https://archive.softwareheritage.org/browse/revision/8d460c5c54cb48580cb2a6b56031b36ee7610c05 https://archive.softwareheritage.org/browse/revision/0a577efc7c8dd6b546f60da7fa1550f411958d62 https://archive.softwareheritage.org/browse/revision/8c96d6ab47cda094a4c001e2a1881dbdb1d8cd73 https://archive.softwareheritage.org/browse/revision/8ff613d947763f0cb93a8f3e01109dd6dcc8a4f0 https://archive.softwareheritage.org/browse/revision/2ac759b72d06ca38edc320dbfbcb25d96ac209c9 https://archive.softwareheritage.org/browse/revision/2ec958d865bb9fb2433c075a4aabd28b643f0ae8 https://archive.softwareheritage.org/browse/revision/18335290410e03e7b9fa43764ac196386135be36 https://archive.softwareheritage.org/browse/revision/d79e2a1a0e3bb07d695bca1c1988ac4e5b4e7d8d https://archive.softwareheritage.org/browse/revision/2b81ba4cab0e3bee11dcf7951202e0e16f11857c https://archive.softwareheritage.org/browse/revision/0aaa23dead0a6e55e3c684be0ced1aa5cf125963 https://archive.softwareheritage.org/browse/revision/7ba392cd10d6814ab51e90b115e1e26320629d33 https://archive.softwareheritage.org/browse/revision/8f87e87603b3eafd5a9b7023d49e46ae80ef5a75 https://archive.softwareheritage.org/browse/revision/2e0d8e68d596f9dd5f5d867a9e2d84a4702c4219 https://archive.softwareheritage.org/browse/revision/6f1067a4517d1011f7c45932aae0a5c855d2c0cd https://archive.softwareheritage.org/browse/revision/b1829bbf89d941d8a253ca614e7ffc6728ee47a0 https://archive.softwareheritage.org/browse/revision/fdf0e051805b5e8b1a93e144c636c1d0a54a8e5f https://archive.softwareheritage.org/browse/revision/087f39120756b9791c680153ce70ebea177c8fc1 https://archive.softwareheritage.org/browse/revision/561d55d761d87da6459fd48189e716981fcd7664 https://archive.softwareheritage.org/browse/revision/e9d650a06fb2034c548b6c464a3edce6c9811aa8 https://archive.softwareheritage.org/browse/revision/641df08c92a49f69d88427351d2804819dd3147d https://archive.softwareheritage.org/browse/revision/14a0ad5301b3ee413e762b728d89d1c3bf32336d https://archive.softwareheritage.org/browse/revision/31fa1f6ff4fd08053e3e14e1bf706eef2d560cd3 https://archive.softwareheritage.org/browse/revision/81d605bccd2ccd1972b2b733a9c6bc77402f679d https://archive.softwareheritage.org/browse/revision/b14e2b7ef55defea5927b78c0d590abcfabcc543 https://archive.softwareheritage.org/browse/revision/cda3d37382580e2b089968b61be122fad4291cf9 https://archive.softwareheritage.org/browse/revision/c075b7a71b4dc06599930d8c9715e85f6b64547d https://archive.softwareheritage.org/browse/revision/e1bdfb42da070847a7ab307d20c31aafe8d5f492 https://archive.softwareheritage.org/browse/revision/9ffd725e4a7af572695805330d8b339916571e0f https://archive.softwareheritage.org/browse/revision/a7c351758ec8adebcbe018951f32c52c1e4cb588 https://archive.softwareheritage.org/browse/revision/12faa9aa5ed85aed8e747a7989ebe6f56740c4e3 https://archive.softwareheritage.org/browse/revision/88ee25a9228d8d572d475f452965a33bae014a9e https://archive.softwareheritage.org/browse/revision/0d6e79d76e1a41ed3cbd6585362b0c1da269c668 https://archive.softwareheritage.org/browse/revision/6b7382b6867801e8e359054faa17aab611343d7c https://archive.softwareheritage.org/browse/revision/1c02f3721d090a5e84e94419c346206f591560be https://archive.softwareheritage.org/browse/revision/c60627fdeafbeb9b204df720cfc4b7e4be5c0deb https://archive.softwareheritage.org/browse/revision/05638ccc3758b00c70465acbfe1e20184c6f7fbc https://archive.softwareheritage.org/browse/revision/a7010a30a6a8f39eb2d082cdad004aa8806d6f4b https://archive.softwareheritage.org/browse/revision/49737ee13d37182f28662725544afe7e46480efb https://archive.softwareheritage.org/browse/revision/1089565fef7f9b426b103f4ff4a9376b865c75b2 https://archive.softwareheritage.org/browse/revision/545c18435b98fa84fb642df9bf48eacd093cbeee https://archive.softwareheritage.org/browse/revision/2d338677b92d3d6da505543cbb1a81d67966a5ae https://archive.softwareheritage.org/browse/revision/d7c2f85a2e99cb72436fb798014f7f6aab0b7a3a
https://git.kernel.org/pub/scm/linux/kernel/git/torvalds/linux.git,CVE-2018-7566,https://osv.dev/vulnerability/CVE-2018-7566,TRUE,https://archive.softwareheritage.org/browse/revision/f86989e7332c60ca525a2f5639f4238ffd732b7d https://archive.softwareheritage.org/browse/revision/746b1b3ecd93783201c6dbcd9fa9159754aaecee https://archive.softwareheritage.org/browse/revision/c44e30507c47ecd7b8a4aba49eb0ff7abd6307d7 https://archive.softwareheritage.org/browse/revision/3e64203ec3c5b186f1345212fb385378aebf56f2 https://archive.softwareheritage.org/browse/revision/a5b3ee506c70343ad6e71bc711baebf914663476 https://archive.softwareheritage.org/browse/revision/7054794d183aab36840bb016ef01c4f8fe828e1a https://archive.softwareheritage.org/browse/revision/077ca70ea7592c80a4c61919fc29225d751e981e https://archive.softwareheritage.org/browse/revision/1007b137617183c52f2482ba557b488525463966 https://archive.softwareheritage.org/browse/revision/d15d662e89fc667b90cd294b0eb45694e33144da https://archive.softwareheritage.org/browse/revision/3dfe1c2495e116ac802ca79465215a873235ecba https://archive.softwareheritage.org/browse/revision/dcc424098872187523bf20df8c4508865bfcc138 https://archive.softwareheritage.org/browse/revision/e07b06717fc84aefd26f70bd463680c277e74124 https://archive.softwareheritage.org/browse/revision/46550d41b705540a591f08083f5551145258e8e3 https://archive.softwareheritage.org/browse/revision/26fb6ceba9537d1645dc9cb5d6f711f9d9a569b4 https://archive.softwareheritage.org/browse/revision/a924abd83301089591b07b348491769eb5437374 https://archive.softwareheritage.org/browse/revision/4d052e735b9ff705989a5ecb2b50f92076aaefc0 https://archive.softwareheritage.org/browse/revision/be08c70b2aeef738266edc93308ee1bc5d4ce1cc https://archive.softwareheritage.org/browse/revision/7ba5bf4cd50c504c9c8c7bc821b30fa45d27ce7f https://archive.softwareheritage.org/browse/revision/7a9a5dc60f866d6f8a33e3f2eccfce7a65729740 https://archive.softwareheritage.org/browse/revision/fb06ed187afa6e8adbce844ef2ded6745c5d44d8 https://archive.softwareheritage.org/browse/revision/a0d2b49727f20072ee6b5462a56013e43e892e7c https://archive.softwareheritage.org/browse/revision/dc4645c8882587286cfb5fe93573fd3a5f436829 https://archive.softwareheritage.org/browse/revision/34928a9c8a754fd09e0320b296b272bad4a06ff6 https://archive.softwareheritage.org/browse/revision/19faaaeaf372376d2ba6edaac1b3dcc9f7c15513 https://archive.softwareheritage.org/browse/revision/b484ae2f6b700398d2f26d40cef077b0aecfd595 https://archive.softwareheritage.org/browse/revision/250b7f01a8ce5e0ea065840f7beed975415eeadc https://archive.softwareheritage.org/browse/revision/892b1b39ece8d5b3c6d025e1bbb718077eb04006
https://github.com/madler/zlib,CVE-2018-25032,https://osv.dev/vulnerability/CVE-2018-25032,TRUE,https://archive.softwareheritage.org/browse/revision/abeb308b3e1c22acc347bfbb769cf5fbb8f737b2 https://archive.softwareheritage.org/browse/revision/5c44459c3b28a9bd3283aaceab7c615f8020c531 https://archive.softwareheritage.org/browse/revision/39ee12a76e83f2e5e8856210b6667afc3e0828ff
https://github.com/microsoft/vscode,CVE-2023-21779,https://osv.dev/vulnerability/CVE-2023-21779,TRUE,https://archive.softwareheritage.org/browse/revision/97dec172d3256f8ca4bfb2143f3f76b503ca0534
https://github.com/torvalds/linux,CVE-2019-16714,https://osv.dev/vulnerability/CVE-2019-16714,TRUE,https://archive.softwareheritage.org/browse/revision/f8dc0f4f63d3fa7aed00a98e20999466bd0fe629 https://archive.softwareheritage.org/browse/revision/200954ad3139c3399b9ac793b948219e91bef36b https://archive.softwareheritage.org/browse/revision/041f495c558c1055e48a6084d2f0be5456251dd3 https://archive.softwareheritage.org/browse/revision/0621a5a9ddad8cb220581654b4cc7be3342d4a1c https://archive.softwareheritage.org/browse/revision/7d0a06586b2686ba80c4a2da5f91cb10ffbea736 https://archive.softwareheritage.org/browse/revision/b88beb15c3c5e0706b00bd7add4b102a95979d16
https://git.kernel.org/pub/scm/linux/kernel/git/torvalds/linux.git,CVE-2016-3672,https://osv.dev/vulnerability/CVE-2016-3672,TRUE,https://archive.softwareheritage.org/browse/revision/255e8d7a432818b07bfbba4462decfff5c74d120 https://archive.softwareheritage.org/browse/revision/17e44b48a4a31cca19a40e5dd0bad5341f6600fd https://archive.softwareheritage.org/browse/revision/51b09802b0b1c5804605e5cefff66c3f120ca90f https://archive.softwareheritage.org/browse/revision/27dcf5c356db464b5123346061b02be41262fb33 https://archive.softwareheritage.org/browse/revision/0ade63bcaaf75012c7b2f879d152c6f05cad439c https://archive.softwareheritage.org/browse/revision/4c6d13e563d14a9e844163aeef8f2068915fb77f https://archive.softwareheritage.org/browse/revision/3a7a56cdb6c02f3415501015523499ffdb7b7b36 https://archive.softwareheritage.org/browse/revision/b6f68ea4cd275c82fa1afe9987baf18ff9058959 https://archive.softwareheritage.org/browse/revision/98687538f90d57ea6998edafee983e07a3dffa26 https://archive.softwareheritage.org/browse/revision/a7c7ae845ba55c472e024448a347a99da06fc2f6 https://archive.softwareheritage.org/browse/revision/a4193265447171af0727fd6d8a10169ef479ec81 https://archive.softwareheritage.org/browse/revision/a9b1e08a38ae6b9f4d50fbc8020b9f0d042280ca https://archive.softwareheritage.org/browse/revision/395ac6d35452bba9c172d2dde04a55133f391e28 https://archive.softwareheritage.org/browse/revision/581f8c005d27ec90ed4f20f3f38025ddfac35033 https://archive.softwareheritage.org/browse/revision/fb5fa5cd05b5081caeef66e8a8c2eef72ab3e109 https://archive.softwareheritage.org/browse/revision/4e71f4469181bed8b8386b21a53b29777ac84c0e https://archive.softwareheritage.org/browse/revision/7c05a460a23645e09ed7b7fd0fa6e697581d4953 https://archive.softwareheritage.org/browse/revision/2aa4fe07d3293fbeb1f8fc549b7d3c353cea8e87 https://archive.softwareheritage.org/browse/revision/955ac1c8dc30b22de693f807c9df6c977045030e https://archive.softwareheritage.org/browse/revision/00be49c9bb5101bf394bb81470a8eb2652cb86f6 https://archive.softwareheritage.org/browse/revision/9fa218fff59b959cda2df044a58dc41a3d9f6a5b https://archive.softwareheritage.org/browse/revision/651fe85a8efd3acb60ecbd3ad5dfbee8b081a650 https://archive.softwareheritage.org/browse/revision/7214c360852de9c65d07108e002e95ed56591a63 https://archive.softwareheritage.org/browse/revision/c50a3002acb19d7f568962e9545ed65bdcc57907 https://archive.softwareheritage.org/browse/revision/7a1f5e05d4e73b6e872f66cf978d7c326a042ea9 https://archive.softwareheritage.org/browse/revision/765162a5f31fb9112f93fc36db9c64c0fdcc62bf https://archive.softwareheritage.org/browse/revision/2a5e7ab6070aa5174c1dbb34fffb781089665d81 https://archive.softwareheritage.org/browse/revision/d1b6fa42b1d44491cb5739f90f5d24d54ec50af7 https://archive.softwareheritage.org/browse/revision/a132d9f8cb171c0a015ce0781d7171a6b162925d https://archive.softwareheritage.org/browse/revision/0569de9f99eb236bab653e47449e8aea5b411bea https://archive.softwareheritage.org/browse/revision/3fbc00bd45c0a64147ddc879bf0d70c6ca890ceb https://archive.softwareheritage.org/browse/revision/64b8963958141d71cbdd668b4970b63430a08489 https://archive.softwareheritage.org/browse/revision/22deff86152194b1f67820c90f0148038bc5009b https://archive.softwareheritage.org/browse/revision/ebc12323343f6e3b24ee097840d67bc430eeffcf https://archive.softwareheritage.org/browse/revision/2a715a5bb0aa0836e6d70b2b1ec7f08694866944 https://archive.softwareheritage.org/browse/revision/1a72cec38f9001a108b642d120ca496c14d397c4 https://archive.softwareheritage.org/browse/revision/a5ecb713978634986387a8dd98736ab7a7727d03 https://archive.softwareheritage.org/browse/revision/b16b6b9b35d79f315ea55cc7fd86739cc1591c92 https://archive.softwareheritage.org/browse/revision/86bc5c8e4b9f441fcd82ba6bd49efd474b8d27b6 https://archive.softwareheritage.org/browse/revision/998de7bb8a748503e8af236a74d679214fdfcb8a https://archive.softwareheritage.org/browse/revision/dadc09f7f9db0ffc33aff8094d4f199ba523ec47 https://archive.softwareheritage.org/browse/revision/2b9e203b337a0f8238415713f36f9be8a25c9fa2 https://archive.softwareheritage.org/browse/revision/7a0f991a2cb8af5c468f6609ca3f00653fc3b5c6 https://archive.softwareheritage.org/browse/revision/966f1f3f5b16a8af748c0751997eeb3c9c83329b https://archive.softwareheritage.org/browse/revision/f2657376c439afac0458d5c1549956a9c236ca42 https://archive.softwareheritage.org/browse/revision/1233a0d29d5f242582bc49e2fbdcc93e3e2069fd https://archive.softwareheritage.org/browse/revision/d8b6c6c86aab0151d75b515332cde974fe293ba0 https://archive.softwareheritage.org/browse/revision/710a75d96dd55ba5afbd42db63cd00e3be9705f3 https://archive.softwareheritage.org/browse/revision/e3401b340edf0382af1830048285d04d1d51dae1 https://archive.softwareheritage.org/browse/revision/3a5fe10381e0bb7c6d0216a0b0cd3eaf2cee8612 https://archive.softwareheritage.org/browse/revision/190061ab7ef301f327c84f8f893eef712e4567d6 https://archive.softwareheritage.org/browse/revision/7f5e8bd1dc61bddae3adf23936ddc851e5e8991f https://archive.softwareheritage.org/browse/revision/b8a9998839a0a33d7909a17ccd538c7cb5925db5 https://archive.softwareheritage.org/browse/revision/7f0b872c4bd3c6bee8b805c85ab97ef5e7d1b34e https://archive.softwareheritage.org/browse/revision/18d44829e4e16c261dc507a2b32676f671c612cd https://archive.softwareheritage.org/browse/revision/aa37c338bf4d48c8fdd5453042e4531c461f1c55 https://archive.softwareheritage.org/browse/revision/8b8addf891de8a00e4d39fc32f93f7c5eb8feceb https://archive.softwareheritage.org/browse/revision/b15b9346e2c61bff58f0e17cf4eec7dd9a19010d https://archive.softwareheritage.org/browse/revision/d9f89e23a33a546fe79e1c2b4af289b9fa796b86 https://archive.softwareheritage.org/browse/revision/511a94944135e900e80657924cf9d313697bda5d https://archive.softwareheritage.org/browse/revision/36b26b629701a6d082eeef64bdcd434eede6f540 https://archive.softwareheritage.org/browse/revision/205f28e003de6040e67c975e3dadd8db73580466 https://archive.softwareheritage.org/browse/revision/0ec9a01bc5da270a9ca0c0a50dc01b807e9adf62 https://archive.softwareheritage.org/browse/revision/10544db0e14e1b2567d14097ef44048e4f2a3001 https://archive.softwareheritage.org/browse/revision/a5a9dc102edf80c8b800380d55f7f7b312f2e2cd https://archive.softwareheritage.org/browse/revision/dc24530b23be957a0efb4c573f8412ea68c3a4d9 https://archive.softwareheritage.org/browse/revision/8a0d3098cac9f1a295c0f3eb4751953f0be5cfc6 https://archive.softwareheritage.org/browse/revision/a5e54ae62b73e07e9c9991c2d1cc12455f792017 https://archive.softwareheritage.org/browse/revision/bc0218ba8100fda368114cf983bf03f1a08b3781 https://archive.softwareheritage.org/browse/revision/a8ddf2825baed78305c1a524069c43f4bf336618 https://archive.softwareheritage.org/browse/revision/760395191671c2e8e05d05e47680c995c04d168d https://archive.softwareheritage.org/browse/revision/3e133241c48184a9b6dd551ddac35bb365e13a30 https://archive.softwareheritage.org/browse/revision/5adc0754d88cfbb39e30101b7d273df0d88a038d https://archive.softwareheritage.org/browse/revision/130a65ce24e67168ea610bd0b83bd01d7b49cf2a https://archive.softwareheritage.org/browse/revision/df63c78b9d20cd177bf391b2034d5818972831a7 https://archive.softwareheritage.org/browse/revision/8a4c3d6aa3e72391c2c3b488cf9af755a232a145 https://archive.softwareheritage.org/browse/revision/4b53d5c84e217d87fe4af40fe0ae567cd33ebbeb https://archive.softwareheritage.org/browse/revision/77321cf2744f7a22b9a2cbda6079ea30cecdd120 https://archive.softwareheritage.org/browse/revision/676f73cc6e326fa4ebc107ba16de05359ff6f410 https://archive.softwareheritage.org/browse/revision/dc2ed84e2939baf05c7b084e85b3801a83e95edf https://archive.softwareheritage.org/browse/revision/51d82461883ccf529ea91bb1b520a3e9450acb60 https://archive.softwareheritage.org/browse/revision/604d155e3c671b7ea3888371b30e371d7df211d2 https://archive.softwareheritage.org/browse/revision/75f86c4a085ca1dbce1c14fc719f7db77c928cd0 https://archive.softwareheritage.org/browse/revision/73e8d02d10cdfd78c762411aa455c85b22ccc3ca https://archive.softwareheritage.org/browse/revision/9c028844243bbeb80be23480175dc54b87b09fc7 https://archive.softwareheritage.org/browse/revision/2c71e781dcd331499626fabb7dfebee8875357d6 https://archive.softwareheritage.org/browse/revision/8de44505bcc0be72a8b0be88e0280436c608245d https://archive.softwareheritage.org/browse/revision/d646f4024244e6cd53df957e7d7d367a13da5b6f https://archive.softwareheritage.org/browse/revision/819c85d4c0dfc874950798434f91f6ecb00df16a https://archive.softwareheritage.org/browse/revision/d6dee0ccda11e6d9f8b47acd112b399d8afd34bc https://archive.softwareheritage.org/browse/revision/5b837731696e7b519efe9169a026856445143ab1 https://archive.softwareheritage.org/browse/revision/3581c8643451c0684450ccaa51aa0adaeced5fd7 https://archive.softwareheritage.org/browse/revision/d091023ae5a0a50d41d2716b56b5f08cd94be321 https://archive.softwareheritage.org/browse/revision/1946a11f5bebe4125af045abb068a8f1d4a76991 https://archive.softwareheritage.org/browse/revision/197ff8e8fad7841c979e45e884f60e29ed8dc4a3 https://archive.softwareheritage.org/browse/revision/15038d93f65b9416985c0f0bb11fc473026d0a2f https://archive.softwareheritage.org/browse/revision/a69be1b8282b6df92c308e8c6d76cf88f2d3ff42 https://archive.softwareheritage.org/browse/revision/5c23c011ac5fc5ab6681ca2a66b0c53a1eb8b1d8 https://archive.softwareheritage.org/browse/revision/66540f262e3fda25c6f808ad8de44712d5be56f5 https://archive.softwareheritage.org/browse/revision/81abc11788e8f6132d5c7d6560c04cec90d45225 https://archive.softwareheritage.org/browse/revision/d654368e9b0249736efd76849ac433c31041ec0b https://archive.softwareheritage.org/browse/revision/c991fb17f82a95b4eb873d57cfbdcf61cc70cc27 https://archive.softwareheritage.org/browse/revision/92c2093ce33874a525b5c39e50927896ecefd466 https://archive.softwareheritage.org/browse/revision/7ca57954790cd4ec9f42c2875cce2e812430ecfd https://archive.softwareheritage.org/browse/revision/4ec4d59cf771acfbd410a731c139cbb2fbe222a6 https://archive.softwareheritage.org/browse/revision/2e21dc5e840e149b2eea5fff27896f8ca80c88d6 https://archive.softwareheritage.org/browse/revision/32d3cee2b0f1159d87f943f633c21de87931e848 https://archive.softwareheritage.org/browse/revision/28e697bb1b445b69d9fc78d1407c10afe661b78f https://archive.softwareheritage.org/browse/revision/478f50f9437252b0298a507911a35dcbc34af720 https://archive.softwareheritage.org/browse/revision/020f1259f4283d4eba74b790816ee8aad7f0a84c https://archive.softwareheritage.org/browse/revision/69ed70084777183e87d33709eb72d8720948ab12 https://archive.softwareheritage.org/browse/revision/60c87f69a5955a7311cd3a4fdc7c6be8760af1fc https://archive.softwareheritage.org/browse/revision/18c8710715473032e1a00512ec99fa93577d75cb https://archive.softwareheritage.org/browse/revision/9b62091944d44917ddcec6a52805dd572a4e3aaa https://archive.softwareheritage.org/browse/revision/7581d6f37efc8403a83f0ca4344674c5fd137347 https://archive.softwareheritage.org/browse/revision/4af3f8fee9b138b800b15e320bde638667c3b4f2 https://archive.softwareheritage.org/browse/revision/a6f11b3834826e0de87f105bbcba0926eb594380 https://archive.softwareheritage.org/browse/revision/f5273f97a0dbac82fec436d9054b0d1aecc2b3d0 https://archive.softwareheritage.org/browse/revision/49746f0d31472fb61a22365735a087c9f30469fb https://archive.softwareheritage.org/browse/revision/96a699ccfbba8a44647b7a572ed49aef54cffdb2 https://archive.softwareheritage.org/browse/revision/b07b7576a6b6922a501e6487cc955cac6d541dcf https://archive.softwareheritage.org/browse/revision/5fa7da571706119297bfaca5ed1cfd8794bd2e18 https://archive.softwareheritage.org/browse/revision/e277857387fe48c8dd752c40ded7e5db52ac1043 https://archive.softwareheritage.org/browse/revision/93abc1da8547b9cf4f9ae992dc9bf2beb2d1a871 https://archive.softwareheritage.org/browse/revision/6acce2dc9296e472987ce62dd678e1005ca2aaf2 https://archive.softwareheritage.org/browse/revision/d946a3126517d72686b630fe5570a24bfaffbf39 https://archive.softwareheritage.org/browse/revision/50aaf905977619d815a1968156662856a8bdc831 https://archive.softwareheritage.org/browse/revision/d40d2bdbdcc99617c0a9e44f933fae63facb9659 https://archive.softwareheritage.org/browse/revision/18ca5c747e03ff24124f19fc24247b30a7dd0239 https://archive.softwareheritage.org/browse/revision/aebe2615098c1423cce59ffa69d2079cc8a30cab https://archive.softwareheritage.org/browse/revision/cd16365a5f148b2b6b13f1fe849e4f8c900372af https://archive.softwareheritage.org/browse/revision/868bfa31aa9c712a01237c07948c303989d4ff9d https://archive.softwareheritage.org/browse/revision/8ee92927ff4160c73a6fd2a4060212e7ee22e4c2 https://archive.softwareheritage.org/browse/revision/51b7fd4d9abb3234dac06256c485cb32e6144a24 https://archive.softwareheritage.org/browse/revision/65c719f7138571cee9725bef18625457995c29a3 https://archive.softwareheritage.org/browse/revision/63d4b7e53ab5934f8bbea4ee728d8662d2d2398f https://archive.softwareheritage.org/browse/revision/cd0bb2990e30dc2b71230e833c56243e1d50bcdb https://archive.softwareheritage.org/browse/revision/aa8cea46218b99134885a17c56724adf32dff0cd https://archive.softwareheritage.org/browse/revision/e2706b0099a7870f4ac04a676e33f9f538141d5d https://archive.softwareheritage.org/browse/revision/04f9005a07286420eff4f507b72a7d6255e90527 https://archive.softwareheritage.org/browse/revision/f97c1ddf099cfb41dc37e1b2cea8a774004f10ea https://archive.softwareheritage.org/browse/revision/3da4cae0d7419ce3ef66251a34350659d9a19794 https://archive.softwareheritage.org/browse/revision/a03a6c0096c68138ba5cd062051e7af5e8abfc3f https://archive.softwareheritage.org/browse/revision/fa702bb896114ce887aacff3627204f20ba7c072 https://archive.softwareheritage.org/browse/revision/022a10dbaba01b60d37a1075b9a232a29a98f9ac https://archive.softwareheritage.org/browse/revision/92060575e1f4fec5a07e9f4a3eed578f495c3f10 https://archive.softwareheritage.org/browse/revision/1e4c752637bd0995b103d9cc6f93d84fb1591540 https://archive.softwareheritage.org/browse/revision/93ce6e0e56408a662218cef40f191e0e441e01cb https://archive.softwareheritage.org/browse/revision/5655baf42664024bee10eb1fa9d9f33602076bd1 https://archive.softwareheritage.org/browse/revision/6bf17f08b1fc4fcfb837605755e4785c4b4b6936 https://archive.softwareheritage.org/browse/revision/35dc6ea5b2c71f8b758db9ed843cc64645de810a https://archive.softwareheritage.org/browse/revision/8d7679c133cdcd524123f19437334774d8ca6edb https://archive.softwareheritage.org/browse/revision/5f6284d02ba40017ca91684c4365e1f402c03ea0 https://archive.softwareheritage.org/browse/revision/e722523c23eee66200f192c1f08adfd6f042ef49 https://archive.softwareheritage.org/browse/revision/b738f9b70f1097900bc3163b4378df9a8160e4a9 https://archive.softwareheritage.org/browse/revision/3f1a5e8d4e542e717e012158b162d2f6efdf6842 https://archive.softwareheritage.org/browse/revision/c6182a7ff3fbf129f586a6011138c97fc7f62b89 https://archive.softwareheritage.org/browse/revision/eed021231e45c6483646958d1a60b68ee74d9726 https://archive.softwareheritage.org/browse/revision/5ce00007db821a839867cfd01db65d5604360afa https://archive.softwareheritage.org/browse/revision/99f2ae320a79dc524d17bc7406e5c59434720000 https://archive.softwareheritage.org/browse/revision/d02e48626e167bdc3dd556a84d074ff001507e4f https://archive.softwareheritage.org/browse/revision/79ff4474d39edf644426f3eef57acf7b8c3cbcd5 https://archive.softwareheritage.org/browse/revision/808ffdf5ae920d827590a7f65ad3f6f14805ad72 https://archive.softwareheritage.org/browse/revision/0df8fbaab0dbc81ad085799231d284cd13670b40 https://archive.softwareheritage.org/browse/revision/f9b916a0c13338f872f6ff56ba8e24bd5e9d6334 https://archive.softwareheritage.org/browse/revision/b81916cface28bc506b4b0fc5462be54fcb7fc37 https://archive.softwareheritage.org/browse/revision/8eceeaec4562182ae2a142d143440ffc5a861dc5 https://archive.softwareheritage.org/browse/revision/b8096e8c0b60ae26d39798dcd76767c878df44d1 https://archive.softwareheritage.org/browse/revision/8815c3a44c2895107f5ebc43415809d58c7bceba https://archive.softwareheritage.org/browse/revision/97c8dbda950b3a3f12085fe4756db376fab35ca3 https://archive.softwareheritage.org/browse/revision/c85cf1d3be3ad9cc1f3d23df384ba862efc0d464 https://archive.softwareheritage.org/browse/revision/a75d8bbc277b3a424ad6b9a65309176c89ac08b2
https://github.com/postgres/postgres,CVE-2021-23214,https://osv.dev/vulnerability/CVE-2021-23214,TRUE,https://archive.softwareheritage.org/browse/revision/28e24125541545483093819efae9bca603441951
https://github.com/microsoft/vscode,CVE-2020-16881,https://osv.dev/vulnerability/CVE-2020-16881,TRUE,https://archive.softwareheritage.org/browse/revision/3dd905126b34dcd4de81fa624eb3a8cbe7485f13
https://git.kernel.org/pub/scm/linux/kernel/git/torvalds/linux.git,CVE-2018-6927,https://osv.dev/vulnerability/CVE-2018-6927,TRUE,https://archive.softwareheritage.org/browse/revision/61ddab3adaf9f71957a7bda6d5a15c2564e802e4 https://archive.softwareheritage.org/browse/revision/f9b2dcdf6341a684f7cac9d91e994e761c1b9076 https://archive.softwareheritage.org/browse/revision/72cf29c62787376a8b77a504c39deb2699e7f442 https://archive.softwareheritage.org/browse/revision/20f8a43d53a2c4b0d8f9d75a11706d56b068703e https://archive.softwareheritage.org/browse/revision/ad9e646196f7dc2093f3eb9d136f9eb709398333 https://archive.softwareheritage.org/browse/revision/731467611fcc57a314974674aca7830615fdb08e https://archive.softwareheritage.org/browse/revision/085536756823e330dbfe5160550df190c4038e47 https://archive.softwareheritage.org/browse/revision/860af2e878248ad3cf1b20d0dc1e02f8939347e1 https://archive.softwareheritage.org/browse/revision/5b53a6a945bb9223da1982d55a59ebb81d675c10 https://archive.softwareheritage.org/browse/revision/ae749463329607ad468ec34d2b1ff5bf1ed8a6bf https://archive.softwareheritage.org/browse/revision/6f77165380f7dec107091c369c11f093ba216c0c https://archive.softwareheritage.org/browse/revision/da0f63bede7caa1c9c9076e653cd3fdb38ca0c5f https://archive.softwareheritage.org/browse/revision/e6e2614390abe9aa24fe791b1b42d3a540816ef5 https://archive.softwareheritage.org/browse/revision/e3ccf1ab6cabb1702671cb6a21a2d4d5b4b7ea65 https://archive.softwareheritage.org/browse/revision/781f74e16999a41581692c0d7aad8de922b1e0b1 https://archive.softwareheritage.org/browse/revision/5b6c633b0be440e530b3930d6d46c34e13b6ed1d https://archive.softwareheritage.org/browse/revision/fbe0e839d1e22d88810f3ee3e2f1479be4c0aa4a https://archive.softwareheritage.org/browse/revision/19c9353d3191fa5f7b8669e970c6bb0fd3d88bff https://archive.softwareheritage.org/browse/revision/ed4cb3fe3e5990a3df31c15e535759fd148811b8
https://github.com/redis/redis,CVE-2021-32762,https://osv.dev/vulnerability/CVE-2021-32762,TRUE,https://archive.softwareheritage.org/browse/revision/0215324a66af949be39b34be2d55143232c1cb71
https://github.com/redis/redis,CVE-2021-32687,https://osv.dev/vulnerability/CVE-2021-32687,TRUE,https://archive.softwareheritage.org/browse/revision/a30d367a71b7017581cf1ca104242a3c644dec0f
https://github.com/git/git,CVE-2023-23946,https://osv.dev/vulnerability/CVE-2023-23946,TRUE,https://archive.softwareheritage.org/browse/revision/c867e4fa180bec4750e9b54eb10f459030dbebfd
https://github.com/redis/redis,CVE-2021-32761,https://osv.dev/vulnerability/CVE-2021-32761,FALSE,https://archive.softwareheritage.org/browse/revision/e0cf85b8484d0985cdd80fc295e4963ab3970877
https://github.com/microsoft/vscode,CVE-2019-1414,https://osv.dev/vulnerability/CVE-2019-1414,FALSE,https://archive.softwareheritage.org/browse/revision/9df03c6d6ce97c6645c5846f6dfa2a6a7d276515
https://github.com/eclipse/openj9,CVE-2019-11772,https://osv.dev/vulnerability/CVE-2019-11772,TRUE,https://archive.softwareheritage.org/browse/revision/4a7a6b2b1e74c15ddbe8fea47e3d3fba21f91cd6
https://github.com/torvalds/linux,CVE-2021-33909,https://osv.dev/vulnerability/CVE-2021-33909,TRUE,https://archive.softwareheritage.org/browse/revision/dce77c7d519b038cb85d43def3c927e181988513 https://archive.softwareheritage.org/browse/revision/bffd695ad5b01d4c91174be64ac30bc887e8723e https://archive.softwareheritage.org/browse/revision/020eb56b9277830505b3a6bb6c400ade9b3210ed https://archive.softwareheritage.org/browse/revision/0a508498300de0ffdc579100eed320c64d7b20ce https://archive.softwareheritage.org/browse/revision/b3c27f29fa3b1823a7cf6fd28a7f4fce5081a301 https://archive.softwareheritage.org/browse/revision/82b448afc5d2ff58b36008467e699b5f63945705 https://archive.softwareheritage.org/browse/revision/57d627620760cf51f8724f603a2f1acb1cd00490 https://archive.softwareheritage.org/browse/revision/7a1e27e95eedf0305ce4bbb5093c30088bdb8cb7 https://archive.softwareheritage.org/browse/revision/299bacb7d0a0cdded7191f642bfd46d61400ac1e https://archive.softwareheritage.org/browse/revision/027ac137f19a5323d5fae2c7e240b23a6440fff5 https://archive.softwareheritage.org/browse/revision/8cae8cd89f05f6de223d63e6d15e31c8ba9cf53b https://archive.softwareheritage.org/browse/revision/9c04bfe32d5caba93e026aa66a0e9ebd6425e27d https://archive.softwareheritage.org/browse/revision/827d6adaaaa4b1971e1a7b655449cb6ca52e1a71 https://archive.softwareheritage.org/browse/revision/06dd7c8733543c63c16d22831e7aa55db33356de https://archive.softwareheritage.org/browse/revision/11641e005a7a4d82592364965b38f153d71d30a4 https://archive.softwareheritage.org/browse/revision/4afbb7bd930a53c2a636caa8acdf232d9f5eaffc https://archive.softwareheritage.org/browse/revision/45db62b5271e1e9f1caf7e19cd598ebccb0ca409 https://archive.softwareheritage.org/browse/revision/0be2978796211dae68b5705f662e76c0b02f3f52 https://archive.softwareheritage.org/browse/revision/5db3c7faf9ca8c361b5625f3115da0fffec82eea https://archive.softwareheritage.org/browse/revision/364215e5470d97b83582364c80cdfb5f89b9d76c https://archive.softwareheritage.org/browse/revision/f9cc232eafe0df2678efb822be2a18b93566dff9
https://github.com/apache/lucene-solr,CVE-2023-44487,https://osv.dev/vulnerability/CVE-2023-44487,FALSE,https://archive.softwareheritage.org/browse/revision/c0adbb70becfd587fd11fb149a532f87869f7bdc
https://github.com/libuv/libuv,CVE-2024-24806,https://osv.dev/vulnerability/CVE-2024-24806,FALSE,https://archive.softwareheritage.org/browse/revision/3530bcc30350d4a6ccf35d2f7b33e23292b9de70 https://archive.softwareheritage.org/browse/revision/c858a147643de38a09dd4164758ae5b685f2b488 https://archive.softwareheritage.org/browse/revision/0f2d7e784a256b54b2385043438848047bc2a629 https://archive.softwareheritage.org/browse/revision/e0327e1d508b8207c9150b6e582f0adf26213c39
https://github.com/madler/zlib,CVE-2016-9843,https://osv.dev/vulnerability/CVE-2016-9843,TRUE,https://archive.softwareheritage.org/browse/revision/d1d577490c15a0c6862473d7576352a9f18ef811
https://github.com/redis/redis,CVE-2021-32626,https://osv.dev/vulnerability/CVE-2021-32626,TRUE,https://archive.softwareheritage.org/browse/revision/666ed7facf4524bf6d19b11b20faa2cf93fdf591
https://github.com/eclipse/openj9,CVE-2019-11771,https://osv.dev/vulnerability/CVE-2019-11771,TRUE,https://archive.softwareheritage.org/browse/revision/4a7a6b2b1e74c15ddbe8fea47e3d3fba21f91cd6
https://git.kernel.org/pub/scm/linux/kernel/git/torvalds/linux.git,CVE-2017-18017,https://osv.dev/vulnerability/CVE-2017-18017,TRUE,https://archive.softwareheritage.org/browse/revision/721fd4eda11fda53321aa594a949d7eca5fafc24 https://archive.softwareheritage.org/browse/revision/8fd041cf947da6e114f1eaadceafc3bbc0521798 https://archive.softwareheritage.org/browse/revision/1cf9ceb562a93b981f4952d3843e6093f0c1d090 https://archive.softwareheritage.org/browse/revision/2638fd0f92d4397884fd991d8f4925cb3f081901 https://archive.softwareheritage.org/browse/revision/5b29a3332678d228b1215fdb0caa573c9dae61b7 https://archive.softwareheritage.org/browse/revision/68cfec38aba1bb3d4e7cfb366a9a5c614ce1cb3b https://archive.softwareheritage.org/browse/revision/5c7eab1c218ad0681181ad011e57e08958014358 https://archive.softwareheritage.org/browse/revision/cf55b67c44dcfff2fb082fedd7034f772eb47324 https://archive.softwareheritage.org/browse/revision/2e14272bfb2e90cd08e5113659096c2a00a50ccf
https://github.com/facebook/react-native,CVE-2020-1920,https://osv.dev/vulnerability/CVE-2020-1920,TRUE,https://archive.softwareheritage.org/browse/revision/ca09ae82715e33c9ac77b3fa55495cf84ba891c7
https://git.kernel.org/pub/scm/linux/kernel/git/torvalds/linux.git,CVE-2021-27364,https://osv.dev/vulnerability/CVE-2021-27364,TRUE,https://archive.softwareheritage.org/browse/revision/688e8128b7a92df982709a4137ea4588d16f24aa https://archive.softwareheritage.org/browse/revision/9c3fc775825d8b5edb7a58c48e224f5f54b627a7 https://archive.softwareheritage.org/browse/revision/d9116649128a32451c2e332598f91ada2bd20769 https://archive.softwareheritage.org/browse/revision/38314b272952bde1f5ce7fee03e1a2332f4f4128 https://archive.softwareheritage.org/browse/revision/e953efd81cd01f4f4781f6687d12cf54f039bcef https://archive.softwareheritage.org/browse/revision/ce4a95bf4d1a6c28a29b58b8d23800ee0ac68092 https://archive.softwareheritage.org/browse/revision/dac67ab31f2c870fe8bfdd6bc675c1be2968a67c https://archive.softwareheritage.org/browse/revision/6edbd739b51be62db69e978203a20f3a35c776fa https://archive.softwareheritage.org/browse/revision/51df4ccb626bf99d64016d59deaae203ba887431 https://archive.softwareheritage.org/browse/revision/220986b982c6b420d6b03e4c38312d9f8b0b6777 https://archive.softwareheritage.org/browse/revision/c4610fd9f9e356b5368b6bf4f60b27a8cbd0598c https://archive.softwareheritage.org/browse/revision/dc7b3f16fdf2f061c58f774321308803efe64ab9 https://archive.softwareheritage.org/browse/revision/b8080e49feb94a187efe3d2a786f4ebc268c8041 https://archive.softwareheritage.org/browse/revision/f6121e7aaef7dd4da97531a263c33cb668655e26 https://archive.softwareheritage.org/browse/revision/1c7da28c93c6a93a7e252a2c10b5224c78173376 https://archive.softwareheritage.org/browse/revision/c5af686adebeabf5c3da1b5bd7c5235c7e6e9675 https://archive.softwareheritage.org/browse/revision/43134de03cc4f4cdd94449e31dffb187960bc653 https://archive.softwareheritage.org/browse/revision/6bfd17884e05b4680b632e5e8bce0fb0cd3b5507 https://archive.softwareheritage.org/browse/revision/90970f905d567072ff4de70952eade2600638143 https://archive.softwareheritage.org/browse/revision/8eaf34bf430448039b4a63545fcb967abb09e473
https://github.com/albertodemichelis/squirrel,CVE-2021-41556,https://osv.dev/vulnerability/CVE-2021-41556,TRUE,https://archive.softwareheritage.org/browse/revision/23a0620658714b996d20da3d4dd1a0dcf9b0bd98
https://git.kernel.org/pub/scm/linux/kernel/git/torvalds/linux.git,CVE-2020-24394,https://osv.dev/vulnerability/CVE-2020-24394,TRUE,https://archive.softwareheritage.org/browse/revision/22cf8419f1319ff87ec759d0ebdff4cbafaee832 https://archive.softwareheritage.org/browse/revision/0116df87916d9abc41ef86291964b4d9a653c4bd https://archive.softwareheritage.org/browse/revision/b0da2248c7bdce09de52a3a44aad6cbd4be002cb
https://github.com/eclipse/openj9,CVE-2019-11775,https://osv.dev/vulnerability/CVE-2019-11775,TRUE,https://archive.softwareheritage.org/browse/revision/4a7a6b2b1e74c15ddbe8fea47e3d3fba21f91cd6
https://github.com/eclipse/openj9,CVE-2021-41035,https://osv.dev/vulnerability/CVE-2021-41035,TRUE,https://archive.softwareheritage.org/browse/revision/e1e72c497688c765183573526f7418a6fe891e93
https://github.com/radare/radare2,CVE-2023-46570,https://osv.dev/vulnerability/CVE-2023-46570,FALSE,https://archive.softwareheritage.org/browse/revision/4a07098809c71c21515d0f862ac4ca044ae95e95
https://github.com/madler/zlib,CVE-2022-37434,https://osv.dev/vulnerability/CVE-2022-37434,TRUE,https://archive.softwareheritage.org/browse/revision/eff308af425b67093bab25f80f1ae950166bece1 https://archive.softwareheritage.org/browse/revision/4dec72e9780399261de0d7a2364cc0b82378d4fc
https://github.com/ruby/ruby,CVE-2022-28739,https://osv.dev/vulnerability/CVE-2022-28739,FALSE,https://archive.softwareheritage.org/browse/revision/7b4ea5bb73df1524444f2f61ab5d32e30e94b6f2
https://git.kernel.org/pub/scm/linux/kernel/git/torvalds/linux.git,CVE-2018-20836,https://osv.dev/vulnerability/CVE-2018-20836,TRUE,https://archive.softwareheritage.org/browse/revision/6d3302e2d9b5af85164d9e4a084a72d135f8b509 https://archive.softwareheritage.org/browse/revision/3c6b888db896150bdf21c2f64567e8429c9a52ba https://archive.softwareheritage.org/browse/revision/dee560b77e35336f252c537d2c619a4cfeee746d https://archive.softwareheritage.org/browse/revision/b7b464082d56928250ef65b9a0a73dd2867e6cfd https://archive.softwareheritage.org/browse/revision/d28be2546fa1ad5052f822c0eb370e23bc393983 https://archive.softwareheritage.org/browse/revision/13f1584146d1c04433b4d3796726c231bcfc6c07 https://archive.softwareheritage.org/browse/revision/4ab552cbe82441f54df96cdf51d9f4f0b19f8712 https://archive.softwareheritage.org/browse/revision/41cfd93f8c5e6765f17a7ae7f223ad5e2fe65c52 https://archive.softwareheritage.org/browse/revision/847533b8a2f14c06c4c2e01af30bf246419a75cb https://archive.softwareheritage.org/browse/revision/f719b0f622b20efb67d0158f8b91900336b48180 https://archive.softwareheritage.org/browse/revision/df1c1f080223f8557c2dfeda54afda44bdb139a2 https://archive.softwareheritage.org/browse/revision/7fb8999bf04befd632dfc0cf4091e400d275a3ff https://archive.softwareheritage.org/browse/revision/ed9e0832c3da08e996bf0aee0bf89c26a8579a40 https://archive.softwareheritage.org/browse/revision/1b0755bbeb3a2338a7954a33a84e77fd52459abb https://archive.softwareheritage.org/browse/revision/b90cd6f2b905905fb42671009dc0e27c310a16ae https://archive.softwareheritage.org/browse/revision/d18e05be9551b687f10060a067fbf641abb07817
https://git.kernel.org/pub/scm/linux/kernel/git/torvalds/linux.git,CVE-2021-27365,https://osv.dev/vulnerability/CVE-2021-27365,TRUE,https://archive.softwareheritage.org/browse/revision/184cdabff453fe6149d5711eb3a4b13733c7838d https://archive.softwareheritage.org/browse/revision/23b2af57b9c267609408e2ac965521d0412df945 https://archive.softwareheritage.org/browse/revision/afcc929637b482957d5ddca00bae219b35c24b67 https://archive.softwareheritage.org/browse/revision/8691c6b6ed6300bf009ec0a0efc39724087b8634 https://archive.softwareheritage.org/browse/revision/7af8765cd8f4e2208b8e03f3bccb0560ded56272 https://archive.softwareheritage.org/browse/revision/2771892dc260f7be7f67bc43a02203d48c972999 https://archive.softwareheritage.org/browse/revision/4f32bbeb0c37df8598cc1dceb4dc3ec4fb9ab046 https://archive.softwareheritage.org/browse/revision/92b12961f4dd4d018479ded8479724a60de86f1b https://archive.softwareheritage.org/browse/revision/df873932c20d1d5c9860fe963fd523cbdcdce3f3 https://archive.softwareheritage.org/browse/revision/4e89aa59891b57f0cd341c36b343ed9159bfe7ea https://archive.softwareheritage.org/browse/revision/ceaa95448df253b2b98b8418f4b9487516746100 https://archive.softwareheritage.org/browse/revision/3ef4af39d478eb156df918055435f30091ccd570 https://archive.softwareheritage.org/browse/revision/b680e5fd1bb622e7a451f9a4b7ef640d45ebcaf4 https://archive.softwareheritage.org/browse/revision/adb23d345ae8b5dbaa39276303a6d9cb6190cb2a https://archive.softwareheritage.org/browse/revision/f9dbdf97a5bd92b1a49cee3d591b55b11fd7a6d5 https://archive.softwareheritage.org/browse/revision/f0cdd9340df049fb8fa508a03c7872d9a8b4cadb https://archive.softwareheritage.org/browse/revision/53890d0d2ca8a913377a1869d1f453e11192a321 https://archive.softwareheritage.org/browse/revision/ec98ea7070e94cc25a422ec97d1421e28d97b7ee https://archive.softwareheritage.org/browse/revision/09396b689a492d8c2a854c8d460530a0dfeb8ae3 https://archive.softwareheritage.org/browse/revision/8a192504f5f9d6a2863c8930024bd766f73cf419 https://archive.softwareheritage.org/browse/revision/0a104c3a8e9712a6fa2db3507ea510120ed8217a https://archive.softwareheritage.org/browse/revision/3ec29a2849bfb64359fc414ddaa586dbe19ca92e https://archive.softwareheritage.org/browse/revision/02c990c3cb6a2a7458694b99db0a61fa501ef3d2 https://archive.softwareheritage.org/browse/revision/98f089bc4cb0eae524df67f96f9244b587ce4cf9 https://archive.softwareheritage.org/browse/revision/6d25f0c1ea25cd23fd1208eb34ab3bb10a9a9efa https://archive.softwareheritage.org/browse/revision/d671af51d9c6047391242c46c7fcfd017e28d93f https://archive.softwareheritage.org/browse/revision/b25b4596939bb35437040ce2ade489bff74306b5 https://archive.softwareheritage.org/browse/revision/15da08ff8a862e2bccbab765b54fa219812b594d https://archive.softwareheritage.org/browse/revision/84c2d0c738ad7744e2fd6fd866d79633c3de7267
https://github.com/madler/zlib,CVE-2016-9840,https://osv.dev/vulnerability/CVE-2016-9840,TRUE,https://archive.softwareheritage.org/browse/revision/6a043145ca6e9c55184013841a67b2fef87e44c0
https://github.com/qemu/qemu,CVE-2021-3748,https://osv.dev/vulnerability/CVE-2021-3748,TRUE,https://archive.softwareheritage.org/browse/revision/9b297d5bda50d5eafe52061d9d6e45e0cde48061 https://archive.softwareheritage.org/browse/revision/bedd7e93d01961fcb16a97ae45d93acf357e11f6 https://archive.softwareheritage.org/browse/revision/c21488ecfff60d0acd0e8ced19f94b3ac050f945 https://archive.softwareheritage.org/browse/revision/9e41f16fca436a666ee79f5219797a2c58b6cf19 https://archive.softwareheritage.org/browse/revision/5881d76ff41ab898751babdf26ea668cb8fb7a0e https://archive.softwareheritage.org/browse/revision/673e6960ff657412656e8802613aeddf9b907aad https://archive.softwareheritage.org/browse/revision/fc2f3c3057f09ba6497c21f0b789a28551ebf592 https://archive.softwareheritage.org/browse/revision/3e4ff4de055e60cafbb54493b2d1990fa8eaac18
https://git.kernel.org/pub/scm/linux/kernel/git/torvalds/linux.git,CVE-2016-4997,https://osv.dev/vulnerability/CVE-2016-4997,TRUE,https://archive.softwareheritage.org/browse/revision/cc6f1400bc7491fe7edd2f0626175eb765d1e2a7 https://archive.softwareheritage.org/browse/revision/ce7d66d05abcce0270722a0260789f150e45eea3 https://archive.softwareheritage.org/browse/revision/c6af5956233bee79b5849b520dc79bc26a5e9c05 https://archive.softwareheritage.org/browse/revision/f098d2e9cf2bfe41a8ea3ab124624b19f0192812 https://archive.softwareheritage.org/browse/revision/ce683e5f9d045e5d67d1312a42b359cb2ab2a13c https://archive.softwareheritage.org/browse/revision/69a95dd918e1445fb8a71df094116dee6d14fd3e https://archive.softwareheritage.org/browse/revision/6b9bc97c7bcb0be8f259c6f604976dc6eba23a7a https://archive.softwareheritage.org/browse/revision/58ae39d24553081d336273c751f2ff9b1c15dd58 https://archive.softwareheritage.org/browse/revision/923f1c4b405605882716973e92a7e5d51325c5a8 https://archive.softwareheritage.org/browse/revision/b00b7083186cf9c1ce26d33abb7c6f48da2d4804
https://github.com/apache/lucene-solr,CVE-2020-13941,https://osv.dev/vulnerability/CVE-2020-13941,FALSE,https://archive.softwareheritage.org/browse/revision/a9c5fb0da2dfc8c7375622c80dbf1a0cc26f44dc
https://github.com/git/git,CVE-2022-23521,https://osv.dev/vulnerability/CVE-2022-23521,TRUE,https://archive.softwareheritage.org/browse/revision/508386c6c5857b4faa2c3e491f422c98cc69ae76
https://github.com/git/git,CVE-2022-41903,https://osv.dev/vulnerability/CVE-2022-41903,TRUE,https://archive.softwareheritage.org/browse/revision/508386c6c5857b4faa2c3e491f422c98cc69ae76
https://git.kernel.org/pub/scm/linux/kernel/git/torvalds/linux.git,CVE-2019-6974,https://osv.dev/vulnerability/CVE-2019-6974,TRUE,https://archive.softwareheritage.org/browse/revision/1d247a9d31f9eb0ff47c39e8376978b3fa4eb965 https://archive.softwareheritage.org/browse/revision/cd6f1cc5d8efce66c005bba9e40a80f3bc892b5d https://archive.softwareheritage.org/browse/revision/f650825fca73fb7de5f2d07d420a3fb89f467fb1 https://archive.softwareheritage.org/browse/revision/079074b0c89483ec9252331a71c6e713fe1f197f https://archive.softwareheritage.org/browse/revision/3895d5d4d3618e9953bb0b6d81bae095be3c4cb1 https://archive.softwareheritage.org/browse/revision/441d759f825b9efee21835a5b3c4921bcb6c9b49 https://archive.softwareheritage.org/browse/revision/cfa39381173d5f969daf43582c95ad679189cbc9 https://archive.softwareheritage.org/browse/revision/04513e2c94f66f8ee44ef9f73535692a702b83aa
https://github.com/redis/redis,CVE-2021-32628,https://osv.dev/vulnerability/CVE-2021-32628,TRUE,https://archive.softwareheritage.org/browse/revision/f6a40570fa63d5afdd596c78083d754081d80ae3
https://github.com/redis/redis,CVE-2021-21309,https://osv.dev/vulnerability/CVE-2021-21309,TRUE,https://archive.softwareheritage.org/browse/revision/c992857618db99776917f10bf4f2345a5fdc78b0
https://git.kernel.org/pub/scm/linux/kernel/git/torvalds/linux.git,CVE-2016-5244,https://osv.dev/vulnerability/CVE-2016-5244,TRUE,https://archive.softwareheritage.org/browse/revision/678a7600b6250b72b24879d1b39734f3205e472a https://archive.softwareheritage.org/browse/revision/2cb8e1b806339d8f91f04b2b21356af3f38cbd21 https://archive.softwareheritage.org/browse/revision/4116def2337991b39919f3b448326e21c40e0dbb https://archive.softwareheritage.org/browse/revision/f4db6fa186c6ee0ae8c7f4739866877c53c6ebc5 https://archive.softwareheritage.org/browse/revision/4e7060657ff9cf9da6d718a65d7e68de7d664e1b https://archive.softwareheritage.org/browse/revision/5fd2941fd4c422b45342eb544ba661f08e854b52 https://archive.softwareheritage.org/browse/revision/484c166d561764815a3304c68b41989a7a44d28b https://archive.softwareheritage.org/browse/revision/dc24ad7cc6cab21f94cd8ae16289560c5f478e6e https://archive.softwareheritage.org/browse/revision/a5a0b3ae98eab71b3359b97f46aeddc4569fdefd https://archive.softwareheritage.org/browse/revision/c3f16ae6cc49227ed446440020afbcae48d26371 https://archive.softwareheritage.org/browse/revision/f436e35c20c345bedd6ea92b5e4ffe8a193c3978 https://archive.softwareheritage.org/browse/revision/fc2329c7e575537fce13c2232e6c57e8f2ff7eec https://archive.softwareheritage.org/browse/revision/19242598167666f5773a14707d353a3152dca463 https://archive.softwareheritage.org/browse/revision/a8acd7829efd19db571f48565d0172c320bcc904 https://archive.softwareheritage.org/browse/revision/73d35b4b9c8708c371aa4b51f1bcd0bcaebafee1 https://archive.softwareheritage.org/browse/revision/b2ab7acd3e23a355a9a7b59b170b26caed76687d https://archive.softwareheritage.org/browse/revision/4bb73acdd3167ec6c1953a48548dbec78049a4df https://archive.softwareheritage.org/browse/revision/5d8afc4365d55a62787054313dfb38f509556bab
https://git.kernel.org/pub/scm/linux/kernel/git/torvalds/linux.git,CVE-2016-4913,https://osv.dev/vulnerability/CVE-2016-4913,TRUE,https://archive.softwareheritage.org/browse/revision/ec2a0d37eca0da507efda69995109c584479d07c https://archive.softwareheritage.org/browse/revision/509e338bd05b3f8e3b4e9e06d7a7ac3614a96f33 https://archive.softwareheritage.org/browse/revision/b2328a9dbb9df796c18ffbebc9031f4c3917f8a6 https://archive.softwareheritage.org/browse/revision/8a10c55ddd15eba5c0d2dfdbdfb84714e1723cd1 https://archive.softwareheritage.org/browse/revision/99d825822eade8d827a1817357cbf3f889a552d6 https://archive.softwareheritage.org/browse/revision/ac576e29996c60b30d1bb874e7b267a0b28edf9b https://archive.softwareheritage.org/browse/revision/9710a953277033d252077dc95b0528177306371d
https://github.com/redis/redis,CVE-2021-32627,https://osv.dev/vulnerability/CVE-2021-32627,TRUE,https://archive.softwareheritage.org/browse/revision/f6a40570fa63d5afdd596c78083d754081d80ae3
https://git.kernel.org/pub/scm/linux/kernel/git/torvalds/linux.git,CVE-2022-0492,https://osv.dev/vulnerability/CVE-2022-0492,TRUE,https://archive.softwareheritage.org/browse/revision/e40efc088c0e19fcd556a127b5525d47939c61f2 https://archive.softwareheritage.org/browse/revision/fd8fa61fbf72e7dca3ce21d4b21e3689db5ff8f6 https://archive.softwareheritage.org/browse/revision/8188e333397c6ee0822f43203e3fd4b23afef116 https://archive.softwareheritage.org/browse/revision/b32745c86b6e59cd1247b996bd58cc19569430ed https://archive.softwareheritage.org/browse/revision/0e009db3e6aca862fc41da7ae219e65c0abc172d https://archive.softwareheritage.org/browse/revision/20a535d7e3b80ed280668d7fdea56b4c14ed4332 https://archive.softwareheritage.org/browse/revision/ee1e2de73cc54ecdcb657311d3e594542b65c7c6 https://archive.softwareheritage.org/browse/revision/4ec7ffac469baf161683aa47a256c6350899855b https://archive.softwareheritage.org/browse/revision/2159354389cf84aa0e7f555f009f3920e3d7c5bd https://archive.softwareheritage.org/browse/revision/24f6008564183aa120d07c03d9289519c2fe02af
https://github.com/ruby/webrick,CVE-2020-25613,https://osv.dev/vulnerability/CVE-2020-25613,TRUE,https://archive.softwareheritage.org/browse/revision/8946bb38b4d87549f0d99ed73c62c41933f97cc7
https://git.kernel.org/pub/scm/linux/kernel/git/torvalds/linux.git,CVE-2021-3743,https://osv.dev/vulnerability/CVE-2021-3743,TRUE,https://archive.softwareheritage.org/browse/revision/7e78c597c3ebfd0cb329aa09a838734147e4f117 https://archive.softwareheritage.org/browse/revision/3a54a6ad67f631ed73bef28128e184383a512b35 https://archive.softwareheritage.org/browse/revision/4ca40e2c1edd13f025985616ed61c88851e48acf https://archive.softwareheritage.org/browse/revision/d3302e370aea27226041d64b5649f9390cc51036 https://archive.softwareheritage.org/browse/revision/f6964c2080fea1d9c715dbfdbd83e2f3e61de6dd https://archive.softwareheritage.org/browse/revision/468fbd10b46c96ddddea6d9f5324cad7a77fb90d https://archive.softwareheritage.org/browse/revision/44a69d791ae47fbf29d1171fad55f45d3c2b0e67
https://git.kernel.org/pub/scm/linux/kernel/git/torvalds/linux.git,CVE-2016-4485,https://osv.dev/vulnerability/CVE-2016-4485,TRUE,https://archive.softwareheritage.org/browse/revision/b9a9072c38684c019c42b9e3498a224db6c9314c https://archive.softwareheritage.org/browse/revision/902fe123034a767160df80afe215b572382c7de0 https://archive.softwareheritage.org/browse/revision/59849aa2a81e9e74eeba1883e82759ea2cbbb842 https://archive.softwareheritage.org/browse/revision/21a7eb5e1cc4afbf4f038b2d068e39b9b4ea073b https://archive.softwareheritage.org/browse/revision/f1006a1bc4504ad7996ff9a33982b419e15945bc https://archive.softwareheritage.org/browse/revision/9af5a2956f883f7ea9b53e4ec15dbefa840ae67c https://archive.softwareheritage.org/browse/revision/a7ed7d4fb30a93ff3f16a3c8e9fbd53371d4c7d7 https://archive.softwareheritage.org/browse/revision/6ef20e7394c0843ec16a266430e26f06a3cc704e https://archive.softwareheritage.org/browse/revision/b8670c09f37bdf2847cc44f36511a53afc6161fd https://archive.softwareheritage.org/browse/revision/ca33f46e2491a22fff3eb0dda6af0cf617dd36c3 https://archive.softwareheritage.org/browse/revision/c28c9ba439005ea451019a85310e59ade47cd485 https://archive.softwareheritage.org/browse/revision/766e49733c04e05697c90553bf5271d7df9140d8 https://archive.softwareheritage.org/browse/revision/8c0789672e26d7392ca0febf179bfb367ff487c8
https://git.kernel.org/pub/scm/linux/kernel/git/torvalds/linux.git,CVE-2020-25643,https://osv.dev/vulnerability/CVE-2020-25643,TRUE,https://archive.softwareheritage.org/browse/revision/cfbf15d34536d26d8609357e3cda4b9259aeff74 https://archive.softwareheritage.org/browse/revision/66d42ed8b25b64eb63111a2b8582c5afc8bf1105
https://github.com/albertodemichelis/squirrel,CVE-2022-30292,https://osv.dev/vulnerability/CVE-2022-30292,TRUE,https://archive.softwareheritage.org/browse/revision/a6413aa690e0bdfef648c68693349a7b878fe60d
https://github.com/torvalds/linux,CVE-2019-14815,https://osv.dev/vulnerability/CVE-2019-14815,TRUE,https://archive.softwareheritage.org/browse/revision/4695758e7ef1c3af2d9e9e2c05422ca9ecc231a3 https://archive.softwareheritage.org/browse/revision/7caac62ed598a196d6ddf8d9c121e12e082cac3a https://archive.softwareheritage.org/browse/revision/8bae0b5a9c3b06063c5596cb4175dd7f1e0b5605
https://github.com/systemd/systemd,CVE-2016-10156,https://osv.dev/vulnerability/CVE-2016-10156,TRUE,https://archive.softwareheritage.org/browse/revision/ee735086f8670be1591fa9593e80dd60163a7a2f https://archive.softwareheritage.org/browse/revision/a59d1ad28d7f419b4fe6180556891e17eb563f76 https://archive.softwareheritage.org/browse/revision/06eeacb6fe029804f296b065b3ce91e796e1cd0e
https://github.com/redis/redis,CVE-2021-41099,https://osv.dev/vulnerability/CVE-2021-41099,TRUE,https://archive.softwareheritage.org/browse/revision/c6ad876774f3cc11e32681ea02a2eead00f2c521
https://github.com/redis/redis,CVE-2018-12326,https://osv.dev/vulnerability/CVE-2018-12326,TRUE,https://archive.softwareheritage.org/browse/revision/9fdcc15962f9ff4baebe6fdd947816f43f730d50
https://github.com/automattic/jetpack,CVE-2023-2996,https://osv.dev/vulnerability/CVE-2023-2996,FALSE,https://archive.softwareheritage.org/browse/revision/70af4109d15b236801f8dcd3f569e428a50361ae